city_cat,offense_count,totalworkers,male,income,poverty,high_school_below,high_school,some_college,bachelors_degree,state,ln_income,violent_crime,property_crime,whitecollar_crime,social_crime,age
0,1867,80926,48.0,26069,11.7,20.0,24.9,48.1,7.0,OH,10.16850215,555,952,111,197,3
0,1481,80926,48.0,26069,11.7,20.0,24.9,48.1,7.0,OH,10.16850215,488,725,82,143,3
0,2037,80926,48.0,26069,11.7,20.0,24.9,48.1,7.0,OH,10.16850215,647,1077,83,169,3
0,2084,80926,48.0,26069,11.7,20.0,24.9,48.1,7.0,OH,10.16850215,603,1203,70,150,3
0,2501,80926,48.0,26069,11.7,20.0,24.9,48.1,7.0,OH,10.16850215,786,1366,79,204,3
0,2483,80926,48.0,26069,11.7,20.0,24.9,48.1,7.0,OH,10.16850215,752,1436,78,155,3
0,2540,80926,48.0,26069,11.7,20.0,24.9,48.1,7.0,OH,10.16850215,774,1454,79,170,3
0,2496,80926,48.0,26069,11.7,20.0,24.9,48.1,7.0,OH,10.16850215,721,1420,93,199,3
0,2222,80926,48.0,26069,11.7,20.0,24.9,48.1,7.0,OH,10.16850215,660,1278,75,166,3
0,2491,80926,48.0,26069,11.7,20.0,24.9,48.1,7.0,OH,10.16850215,648,1502,86,186,3
0,2476,80926,48.0,26069,11.7,20.0,24.9,48.1,7.0,OH,10.16850215,629,1499,86,203,3
0,2319,80926,48.0,26069,11.7,20.0,24.9,48.1,7.0,OH,10.16850215,624,1350,93,185,3
0,2184,80105,50.9,26429,15.4,11.1,30.4,53.9,4.6,OH,10.18221717,622,1188,130,189,3
0,1950,80105,50.9,26429,15.4,11.1,30.4,53.9,4.6,OH,10.18221717,575,992,74,238,3
0,2173,80105,50.9,26429,15.4,11.1,30.4,53.9,4.6,OH,10.18221717,702,1067,83,241,3
0,2246,80105,50.9,26429,15.4,11.1,30.4,53.9,4.6,OH,10.18221717,638,1242,80,221,3
0,2510,80105,50.9,26429,15.4,11.1,30.4,53.9,4.6,OH,10.18221717,783,1354,100,211,3
0,2293,80105,50.9,26429,15.4,11.1,30.4,53.9,4.6,OH,10.18221717,666,1249,78,223,3
0,2488,80105,50.9,26429,15.4,11.1,30.4,53.9,4.6,OH,10.18221717,781,1347,78,212,3
0,2326,80105,50.9,26429,15.4,11.1,30.4,53.9,4.6,OH,10.18221717,721,1243,77,215,3
0,2188,80105,50.9,26429,15.4,11.1,30.4,53.9,4.6,OH,10.18221717,673,1154,73,209,3
0,2076,80105,50.9,26429,15.4,11.1,30.4,53.9,4.6,OH,10.18221717,613,1106,82,203,3
0,1982,80105,50.9,26429,15.4,11.1,30.4,53.9,4.6,OH,10.18221717,596,1100,82,156,3
0,2001,80105,50.9,26429,15.4,11.1,30.4,53.9,4.6,OH,10.18221717,603,1136,60,156,3
0,2016,85463,49.1,26569,84845.0,18.4,18.3,55.4,7.9,OH,10.1875004,557,1040,114,219,2
0,1651,85463,49.1,26569,84845.0,18.4,18.3,55.4,7.9,OH,10.1875004,512,810,73,192,2
0,1910,85463,49.1,26569,84845.0,18.4,18.3,55.4,7.9,OH,10.1875004,587,953,73,236,2
0,2071,85463,49.1,26569,84845.0,18.4,18.3,55.4,7.9,OH,10.1875004,629,1097,85,187,2
0,2320,85463,49.1,26569,84845.0,18.4,18.3,55.4,7.9,OH,10.1875004,709,1250,83,198,2
0,2312,85463,49.1,26569,84845.0,18.4,18.3,55.4,7.9,OH,10.1875004,657,1258,91,227,2
0,2172,85463,49.1,26569,84845.0,18.4,18.3,55.4,7.9,OH,10.1875004,589,1245,79,192,2
0,2218,85463,49.1,26569,84845.0,18.4,18.3,55.4,7.9,OH,10.1875004,589,1225,105,220,2
0,2166,85463,49.1,26569,84845.0,18.4,18.3,55.4,7.9,OH,10.1875004,629,1176,94,191,2
0,2174,85463,49.1,26569,84845.0,18.4,18.3,55.4,7.9,OH,10.1875004,581,1217,114,193,2
0,2050,85463,49.1,26569,84845.0,18.4,18.3,55.4,7.9,OH,10.1875004,554,1106,86,226,2
0,1803,85463,49.1,26569,84845.0,18.4,18.3,55.4,7.9,OH,10.1875004,544,955,60,183,2
0,1615,88787,50.2,26138,87721.0,10.5,35.7,48.1,5.8,OH,10.17114547,440,805,115,177,2
0,1426,88787,50.2,26138,87721.0,10.5,35.7,48.1,5.8,OH,10.17114547,409,662,78,203,2
0,1759,88787,50.2,26138,87721.0,10.5,35.7,48.1,5.8,OH,10.17114547,538,826,99,218,2
0,1870,88787,50.2,26138,87721.0,10.5,35.7,48.1,5.8,OH,10.17114547,548,942,99,216,2
0,2182,88787,50.2,26138,87721.0,10.5,35.7,48.1,5.8,OH,10.17114547,640,1123,88,250,2
0,2108,88787,50.2,26138,87721.0,10.5,35.7,48.1,5.8,OH,10.17114547,580,1126,71,245,2
0,2247,88787,50.2,26138,87721.0,10.5,35.7,48.1,5.8,OH,10.17114547,676,1169,86,231,2
0,2383,88787,50.2,26138,87721.0,10.5,35.7,48.1,5.8,OH,10.17114547,676,1300,88,232,2
0,2175,88787,50.2,26138,87721.0,10.5,35.7,48.1,5.8,OH,10.17114547,648,1141,78,236,2
0,2206,88787,50.2,26138,87721.0,10.5,35.7,48.1,5.8,OH,10.17114547,597,1234,81,225,2
0,1897,88787,50.2,26138,87721.0,10.5,35.7,48.1,5.8,OH,10.17114547,515,1017,74,213,2
0,1955,88787,50.2,26138,87721.0,10.5,35.7,48.1,5.8,OH,10.17114547,547,1094,74,179,2
0,1571,67158,53.1,27678,10.6,17.2,25.1,49.3,8.3,TN,10.22839315,342,1030,89,91,2
0,1425,67158,53.1,27678,10.6,17.2,25.1,49.3,8.3,TN,10.22839315,316,912,59,115,2
0,1694,67158,53.1,27678,10.6,17.2,25.1,49.3,8.3,TN,10.22839315,336,1124,66,138,2
0,1768,67158,53.1,27678,10.6,17.2,25.1,49.3,8.3,TN,10.22839315,382,1172,83,108,2
0,1797,67158,53.1,27678,10.6,17.2,25.1,49.3,8.3,TN,10.22839315,395,1153,76,144,2
0,1852,67158,53.1,27678,10.6,17.2,25.1,49.3,8.3,TN,10.22839315,350,1219,93,155,2
0,1888,67158,53.1,27678,10.6,17.2,25.1,49.3,8.3,TN,10.22839315,363,1235,71,172,2
0,1917,67158,53.1,27678,10.6,17.2,25.1,49.3,8.3,TN,10.22839315,401,1187,89,184,2
0,1742,67158,53.1,27678,10.6,17.2,25.1,49.3,8.3,TN,10.22839315,343,1143,90,133,2
0,1653,67158,53.1,27678,10.6,17.2,25.1,49.3,8.3,TN,10.22839315,340,1067,76,137,2
0,1722,67158,53.1,27678,10.6,17.2,25.1,49.3,8.3,TN,10.22839315,363,1078,96,149,2
0,1711,67158,53.1,27678,10.6,17.2,25.1,49.3,8.3,TN,10.22839315,334,1139,85,124,2
0,1761,74830,51.6,28619,10.3,10.0,23.9,52.5,13.6,TN,10.26182611,355,1111,101,150,2
0,1354,74830,51.6,28619,10.3,10.0,23.9,52.5,13.6,TN,10.26182611,294,830,75,119,2
0,1710,74830,51.6,28619,10.3,10.0,23.9,52.5,13.6,TN,10.26182611,424,1039,80,133,2
0,1858,74830,51.6,28619,10.3,10.0,23.9,52.5,13.6,TN,10.26182611,409,1160,111,128,2
0,1961,74830,51.6,28619,10.3,10.0,23.9,52.5,13.6,TN,10.26182611,450,1243,102,132,2
0,1811,74830,51.6,28619,10.3,10.0,23.9,52.5,13.6,TN,10.26182611,429,1132,79,133,2
0,1868,74830,51.6,28619,10.3,10.0,23.9,52.5,13.6,TN,10.26182611,459,1155,93,127,2
0,976,74830,51.6,28619,10.3,10.0,23.9,52.5,13.6,TN,10.26182611,224,556,82,88,2
0,1792,74830,51.6,28619,10.3,10.0,23.9,52.5,13.6,TN,10.26182611,392,1119,87,152,2
0,1858,74830,51.6,28619,10.3,10.0,23.9,52.5,13.6,TN,10.26182611,389,1197,99,129,2
0,1754,74830,51.6,28619,10.3,10.0,23.9,52.5,13.6,TN,10.26182611,359,1154,89,117,2
0,1881,74830,51.6,28619,10.3,10.0,23.9,52.5,13.6,TN,10.26182611,355,1261,94,135,2
0,1663,74739,52.0,27091,73596.0,14.1,27.6,49.7,8.6,TN,10.20695685,352,1094,97,100,2
0,1429,74739,52.0,27091,73596.0,14.1,27.6,49.7,8.6,TN,10.20695685,292,919,77,112,2
0,1597,74739,52.0,27091,73596.0,14.1,27.6,49.7,8.6,TN,10.20695685,328,1051,93,102,2
0,1808,74739,52.0,27091,73596.0,14.1,27.6,49.7,8.6,TN,10.20695685,411,1108,112,145,2
0,2075,74739,52.0,27091,73596.0,14.1,27.6,49.7,8.6,TN,10.20695685,434,1341,127,131,2
0,2047,74739,52.0,27091,73596.0,14.1,27.6,49.7,8.6,TN,10.20695685,442,1295,117,158,2
0,1996,74739,52.0,27091,73596.0,14.1,27.6,49.7,8.6,TN,10.20695685,381,1321,104,152,2
0,2067,74739,52.0,27091,73596.0,14.1,27.6,49.7,8.6,TN,10.20695685,404,1361,101,159,2
0,1971,74739,52.0,27091,73596.0,14.1,27.6,49.7,8.6,TN,10.20695685,336,1328,109,171,2
0,1928,74739,52.0,27091,73596.0,14.1,27.6,49.7,8.6,TN,10.20695685,364,1277,102,155,2
0,1666,74739,52.0,27091,73596.0,14.1,27.6,49.7,8.6,TN,10.20695685,309,1106,84,132,2
0,1708,74739,52.0,27091,73596.0,14.1,27.6,49.7,8.6,TN,10.20695685,286,1166,103,116,2
0,1726,79868,49.7,28954,78816.0,12.4,21.7,57.1,8.8,TN,10.27346364,319,1073,150,146,2
0,1538,79868,49.7,28954,78816.0,12.4,21.7,57.1,8.8,TN,10.27346364,303,926,113,158,2
0,1892,79868,49.7,28954,78816.0,12.4,21.7,57.1,8.8,TN,10.27346364,340,1210,126,167,2
0,1858,79868,49.7,28954,78816.0,12.4,21.7,57.1,8.8,TN,10.27346364,377,1169,130,139,2
0,2111,79868,49.7,28954,78816.0,12.4,21.7,57.1,8.8,TN,10.27346364,438,1331,129,166,2
0,1832,79868,49.7,28954,78816.0,12.4,21.7,57.1,8.8,TN,10.27346364,349,1146,122,172,2
0,2035,79868,49.7,28954,78816.0,12.4,21.7,57.1,8.8,TN,10.27346364,406,1273,143,161,2
0,1918,79868,49.7,28954,78816.0,12.4,21.7,57.1,8.8,TN,10.27346364,352,1190,140,187,2
0,1826,79868,49.7,28954,78816.0,12.4,21.7,57.1,8.8,TN,10.27346364,335,1138,133,172,2
0,1725,79868,49.7,28954,78816.0,12.4,21.7,57.1,8.8,TN,10.27346364,369,1074,118,127,2
0,1615,79868,49.7,28954,78816.0,12.4,21.7,57.1,8.8,TN,10.27346364,277,1051,121,121,2
0,1679,79868,49.7,28954,78816.0,12.4,21.7,57.1,8.8,TN,10.27346364,284,1121,124,121,2
1,2730,127287,47.8,28917,13.0,14.2,23.1,49.6,13.1,OH,10.27218494,844,1875,4,1,2
1,2146,127287,47.8,28917,13.0,14.2,23.1,49.6,13.1,OH,10.27218494,646,1496,2,0,2
1,2711,127287,47.8,28917,13.0,14.2,23.1,49.6,13.1,OH,10.27218494,850,1842,7,1,2
1,3064,127287,47.8,28917,13.0,14.2,23.1,49.6,13.1,OH,10.27218494,888,2167,4,0,2
1,3176,127287,47.8,28917,13.0,14.2,23.1,49.6,13.1,OH,10.27218494,972,2194,4,0,2
1,3225,127287,47.8,28917,13.0,14.2,23.1,49.6,13.1,OH,10.27218494,960,2258,0,2,2
1,3326,127287,47.8,28917,13.0,14.2,23.1,49.6,13.1,OH,10.27218494,968,2352,0,1,2
1,3330,127287,47.8,28917,13.0,14.2,23.1,49.6,13.1,OH,10.27218494,947,2376,1,1,2
1,3193,127287,47.8,28917,13.0,14.2,23.1,49.6,13.1,OH,10.27218494,910,2273,3,2,2
1,3295,127287,47.8,28917,13.0,14.2,23.1,49.6,13.1,OH,10.27218494,870,2417,2,1,2
1,2988,127287,47.8,28917,13.0,14.2,23.1,49.6,13.1,OH,10.27218494,776,2206,2,1,2
1,2871,127287,47.8,28917,13.0,14.2,23.1,49.6,13.1,OH,10.27218494,737,2129,1,1,2
1,2547,130892,49.3,26872,16.2,10.5,24.7,50.7,14.1,OH,10.19884013,747,1793,4,2,1
1,2170,130892,49.3,26872,16.2,10.5,24.7,50.7,14.1,OH,10.19884013,663,1497,2,1,1
1,2628,130892,49.3,26872,16.2,10.5,24.7,50.7,14.1,OH,10.19884013,876,1743,4,0,1
1,2686,130892,49.3,26872,16.2,10.5,24.7,50.7,14.1,OH,10.19884013,796,1874,7,0,1
1,3039,130892,49.3,26872,16.2,10.5,24.7,50.7,14.1,OH,10.19884013,969,2051,5,4,1
1,2964,130892,49.3,26872,16.2,10.5,24.7,50.7,14.1,OH,10.19884013,920,2031,5,0,1
1,3013,130892,49.3,26872,16.2,10.5,24.7,50.7,14.1,OH,10.19884013,972,2019,13,3,1
1,3224,130892,49.3,26872,16.2,10.5,24.7,50.7,14.1,OH,10.19884013,964,2242,12,1,1
1,2954,130892,49.3,26872,16.2,10.5,24.7,50.7,14.1,OH,10.19884013,881,2057,5,3,1
1,3022,130892,49.3,26872,16.2,10.5,24.7,50.7,14.1,OH,10.19884013,822,2177,15,4,1
1,2741,130892,49.3,26872,16.2,10.5,24.7,50.7,14.1,OH,10.19884013,745,1984,9,1,1
1,2518,130892,49.3,26872,16.2,10.5,24.7,50.7,14.1,OH,10.19884013,733,1767,9,5,1
1,2574,135187,51.2,30847,133286.0,11.4,28.5,45.6,14.5,OH,10.33679478,791,1751,24,2,1
1,1776,135187,51.2,30847,133286.0,11.4,28.5,45.6,14.5,OH,10.33679478,543,1220,11,0,1
1,2328,135187,51.2,30847,133286.0,11.4,28.5,45.6,14.5,OH,10.33679478,773,1529,16,1,1
1,2601,135187,51.2,30847,133286.0,11.4,28.5,45.6,14.5,OH,10.33679478,848,1725,22,0,1
1,2828,135187,51.2,30847,133286.0,11.4,28.5,45.6,14.5,OH,10.33679478,934,1879,8,2,1
1,2940,135187,51.2,30847,133286.0,11.4,28.5,45.6,14.5,OH,10.33679478,891,2025,12,4,1
1,3121,135187,51.2,30847,133286.0,11.4,28.5,45.6,14.5,OH,10.33679478,860,2241,14,2,1
1,3081,135187,51.2,30847,133286.0,11.4,28.5,45.6,14.5,OH,10.33679478,822,2231,16,3,1
1,2780,135187,51.2,30847,133286.0,11.4,28.5,45.6,14.5,OH,10.33679478,768,1994,12,1,1
1,2460,135187,51.2,30847,133286.0,11.4,28.5,45.6,14.5,OH,10.33679478,696,1743,17,1,1
1,2394,135187,51.2,30847,133286.0,11.4,28.5,45.6,14.5,OH,10.33679478,600,1779,7,2,1
1,2176,135187,51.2,30847,133286.0,11.4,28.5,45.6,14.5,OH,10.33679478,571,1596,8,0,1
1,2048,134673,49.1,30917,132620.0,10.4,33.1,39.9,16.5,OH,10.33906147,548,1461,38,0,1
1,1684,134673,49.1,30917,132620.0,10.4,33.1,39.9,16.5,OH,10.33906147,465,1198,16,2,1
1,2186,134673,49.1,30917,132620.0,10.4,33.1,39.9,16.5,OH,10.33906147,570,1588,26,0,1
1,2407,134673,49.1,30917,132620.0,10.4,33.1,39.9,16.5,OH,10.33906147,697,1679,28,2,1
1,2610,134673,49.1,30917,132620.0,10.4,33.1,39.9,16.5,OH,10.33906147,754,1837,17,0,1
1,2587,134673,49.1,30917,132620.0,10.4,33.1,39.9,16.5,OH,10.33906147,724,1833,25,1,1
1,2536,134673,49.1,30917,132620.0,10.4,33.1,39.9,16.5,OH,10.33906147,698,1803,32,0,1
1,2712,134673,49.1,30917,132620.0,10.4,33.1,39.9,16.5,OH,10.33906147,702,1977,28,1,1
1,2738,134673,49.1,30917,132620.0,10.4,33.1,39.9,16.5,OH,10.33906147,718,1983,32,2,1
1,2671,134673,49.1,30917,132620.0,10.4,33.1,39.9,16.5,OH,10.33906147,645,1990,36,0,1
1,2343,134673,49.1,30917,132620.0,10.4,33.1,39.9,16.5,OH,10.33906147,600,1700,41,0,1
1,2402,134673,49.1,30917,132620.0,10.4,33.1,39.9,16.5,OH,10.33906147,593,1780,26,1,1
1,5219,144338,48.4,24515,12.6,25.5,33.0,34.8,6.7,OH,10.10704045,1627,3001,179,375,2
1,3844,144338,48.4,24515,12.6,25.5,33.0,34.8,6.7,OH,10.10704045,1322,2036,135,333,2
1,5218,144338,48.4,24515,12.6,25.5,33.0,34.8,6.7,OH,10.10704045,1750,2878,168,393,2
1,5562,144338,48.4,24515,12.6,25.5,33.0,34.8,6.7,OH,10.10704045,1927,3111,158,346,2
1,5813,144338,48.4,24515,12.6,25.5,33.0,34.8,6.7,OH,10.10704045,2046,3220,151,367,2
1,6137,144338,48.4,24515,12.6,25.5,33.0,34.8,6.7,OH,10.10704045,1999,3638,168,303,2
1,6914,144338,48.4,24515,12.6,25.5,33.0,34.8,6.7,OH,10.10704045,2359,4015,144,356,2
1,6606,144338,48.4,24515,12.6,25.5,33.0,34.8,6.7,OH,10.10704045,2087,3986,164,344,2
1,6163,144338,48.4,24515,12.6,25.5,33.0,34.8,6.7,OH,10.10704045,1850,3784,181,335,2
1,6209,144338,48.4,24515,12.6,25.5,33.0,34.8,6.7,OH,10.10704045,1803,3903,138,342,2
1,6386,144338,48.4,24515,12.6,25.5,33.0,34.8,6.7,OH,10.10704045,1744,4132,167,328,2
1,6279,144338,48.4,24515,12.6,25.5,33.0,34.8,6.7,OH,10.10704045,1718,4148,148,249,2
1,5235,139881,47.8,25163,14.6,32.3,27.1,32.7,8.0,OH,10.13312994,1567,3060,245,341,2
1,4856,139881,47.8,25163,14.6,32.3,27.1,32.7,8.0,OH,10.13312994,1483,2754,209,391,2
1,5584,139881,47.8,25163,14.6,32.3,27.1,32.7,8.0,OH,10.13312994,1848,3074,204,429,2
1,5616,139881,47.8,25163,14.6,32.3,27.1,32.7,8.0,OH,10.13312994,1881,3162,185,369,2
1,6150,139881,47.8,25163,14.6,32.3,27.1,32.7,8.0,OH,10.13312994,2077,3486,189,373,2
1,6184,139881,47.8,25163,14.6,32.3,27.1,32.7,8.0,OH,10.13312994,2087,3529,171,368,2
1,6751,139881,47.8,25163,14.6,32.3,27.1,32.7,8.0,OH,10.13312994,2426,3790,143,374,2
1,6547,139881,47.8,25163,14.6,32.3,27.1,32.7,8.0,OH,10.13312994,2145,3822,172,373,2
1,5958,139881,47.8,25163,14.6,32.3,27.1,32.7,8.0,OH,10.13312994,1953,3510,164,311,2
1,5822,139881,47.8,25163,14.6,32.3,27.1,32.7,8.0,OH,10.13312994,1816,3512,150,316,2
1,5426,139881,47.8,25163,14.6,32.3,27.1,32.7,8.0,OH,10.13312994,1771,3199,150,281,2
1,5113,139881,47.8,25163,14.6,32.3,27.1,32.7,8.0,OH,10.13312994,1553,3170,134,238,2
1,5225,146443,48.3,26105,144738.0,23.3,30.8,37.1,8.8,OH,10.16988215,1685,3041,185,289,2
1,4577,146443,48.3,26105,144738.0,23.3,30.8,37.1,8.8,OH,10.16988215,1529,2531,175,321,2
1,5325,146443,48.3,26105,144738.0,23.3,30.8,37.1,8.8,OH,10.16988215,1876,2941,155,324,2
1,5659,146443,48.3,26105,144738.0,23.3,30.8,37.1,8.8,OH,10.16988215,2020,3067,194,344,2
1,6033,146443,48.3,26105,144738.0,23.3,30.8,37.1,8.8,OH,10.16988215,2392,3109,159,350,2
1,5753,146443,48.3,26105,144738.0,23.3,30.8,37.1,8.8,OH,10.16988215,2242,3007,172,310,2
1,6370,146443,48.3,26105,144738.0,23.3,30.8,37.1,8.8,OH,10.16988215,2296,3563,163,322,2
1,6098,146443,48.3,26105,144738.0,23.3,30.8,37.1,8.8,OH,10.16988215,2229,3379,164,294,2
1,6012,146443,48.3,26105,144738.0,23.3,30.8,37.1,8.8,OH,10.16988215,2038,3504,135,309,2
1,5835,146443,48.3,26105,144738.0,23.3,30.8,37.1,8.8,OH,10.16988215,1908,3440,162,306,2
1,5106,146443,48.3,26105,144738.0,23.3,30.8,37.1,8.8,OH,10.16988215,1701,3012,125,254,2
1,4725,146443,48.3,26105,144738.0,23.3,30.8,37.1,8.8,OH,10.16988215,1610,2763,113,224,2
1,4546,144093,47.9,24415,142711.0,22.6,35.7,33.9,7.9,OH,10.10295298,1540,2532,169,277,2
1,3644,144093,47.9,24415,142711.0,22.6,35.7,33.9,7.9,OH,10.10295298,1306,1898,166,257,2
1,4468,144093,47.9,24415,142711.0,22.6,35.7,33.9,7.9,OH,10.10295298,1665,2309,162,309,2
1,5057,144093,47.9,24415,142711.0,22.6,35.7,33.9,7.9,OH,10.10295298,1872,2690,138,331,2
1,5461,144093,47.9,24415,142711.0,22.6,35.7,33.9,7.9,OH,10.10295298,2116,2881,133,306,2
1,5536,144093,47.9,24415,142711.0,22.6,35.7,33.9,7.9,OH,10.10295298,2115,2954,155,294,2
1,5811,144093,47.9,24415,142711.0,22.6,35.7,33.9,7.9,OH,10.10295298,2122,3196,142,323,2
1,6107,144093,47.9,24415,142711.0,22.6,35.7,33.9,7.9,OH,10.10295298,2158,3505,148,276,2
1,5788,144093,47.9,24415,142711.0,22.6,35.7,33.9,7.9,OH,10.10295298,2090,3176,164,340,2
1,5559,144093,47.9,24415,142711.0,22.6,35.7,33.9,7.9,OH,10.10295298,1955,3183,151,246,2
1,4743,144093,47.9,24415,142711.0,22.6,35.7,33.9,7.9,OH,10.10295298,1648,2738,149,188,2
1,5125,144093,47.9,24415,142711.0,22.6,35.7,33.9,7.9,OH,10.10295298,1648,3105,134,221,2
0,1363,62297,55.8,21176,13.8,6.5,29.7,54.8,9.0,SC,9.960623744,252,983,69,51,0
0,1239,62297,55.8,21176,13.8,6.5,29.7,54.8,9.0,SC,9.960623744,228,848,66,88,0
0,1643,62297,55.8,21176,13.8,6.5,29.7,54.8,9.0,SC,9.960623744,325,1150,77,80,0
0,1619,62297,55.8,21176,13.8,6.5,29.7,54.8,9.0,SC,9.960623744,279,1185,72,73,0
0,1332,62297,55.8,21176,13.8,6.5,29.7,54.8,9.0,SC,9.960623744,246,929,82,70,0
0,1179,62297,55.8,21176,13.8,6.5,29.7,54.8,9.0,SC,9.960623744,224,806,78,65,0
0,1300,62297,55.8,21176,13.8,6.5,29.7,54.8,9.0,SC,9.960623744,253,891,83,62,0
0,1225,62297,55.8,21176,13.8,6.5,29.7,54.8,9.0,SC,9.960623744,238,810,80,93,0
0,1128,62297,55.8,21176,13.8,6.5,29.7,54.8,9.0,SC,9.960623744,278,782,34,14,0
0,1155,62297,55.8,21176,13.8,6.5,29.7,54.8,9.0,SC,9.960623744,256,857,26,5,0
0,1238,62297,55.8,21176,13.8,6.5,29.7,54.8,9.0,SC,9.960623744,254,921,32,22,0
0,1356,62297,55.8,21176,13.8,6.5,29.7,54.8,9.0,SC,9.960623744,260,976,51,45,0
0,1327,60344,52.5,23632,11.6,5.8,28.9,57.5,7.7,SC,10.070357,238,990,40,39,0
0,964,60344,52.5,23632,11.6,5.8,28.9,57.5,7.7,SC,10.070357,208,706,21,16,0
0,1181,60344,52.5,23632,11.6,5.8,28.9,57.5,7.7,SC,10.070357,291,810,38,32,0
0,1356,60344,52.5,23632,11.6,5.8,28.9,57.5,7.7,SC,10.070357,222,1044,46,42,0
0,1604,60344,52.5,23632,11.6,5.8,28.9,57.5,7.7,SC,10.070357,251,1228,52,69,0
0,1525,60344,52.5,23632,11.6,5.8,28.9,57.5,7.7,SC,10.070357,253,1140,62,65,0
0,1146,60344,52.5,23632,11.6,5.8,28.9,57.5,7.7,SC,10.070357,256,858,15,11,0
0,1120,60344,52.5,23632,11.6,5.8,28.9,57.5,7.7,SC,10.070357,180,916,13,9,0
0,1160,60344,52.5,23632,11.6,5.8,28.9,57.5,7.7,SC,10.070357,218,911,17,11,0
0,1029,60344,52.5,23632,11.6,5.8,28.9,57.5,7.7,SC,10.070357,183,817,12,12,0
0,748,60344,52.5,23632,11.6,5.8,28.9,57.5,7.7,SC,10.070357,103,626,12,5,0
0,909,60344,52.5,23632,11.6,5.8,28.9,57.5,7.7,SC,10.070357,106,773,16,13,0
0,972,63051,57.3,26161,48829.0,6.6,31.3,53.9,8.2,SC,10.17202503,135,808,19,7,0
0,776,63051,57.3,26161,48829.0,6.6,31.3,53.9,8.2,SC,10.17202503,110,641,22,1,0
0,781,63051,57.3,26161,48829.0,6.6,31.3,53.9,8.2,SC,10.17202503,86,682,8,4,0
0,894,63051,57.3,26161,48829.0,6.6,31.3,53.9,8.2,SC,10.17202503,122,753,14,2,0
0,1079,63051,57.3,26161,48829.0,6.6,31.3,53.9,8.2,SC,10.17202503,98,957,15,7,0
0,1141,63051,57.3,26161,48829.0,6.6,31.3,53.9,8.2,SC,10.17202503,113,1006,8,5,0
0,1080,63051,57.3,26161,48829.0,6.6,31.3,53.9,8.2,SC,10.17202503,123,940,13,3,0
0,972,63051,57.3,26161,48829.0,6.6,31.3,53.9,8.2,SC,10.17202503,130,810,21,7,0
0,967,63051,57.3,26161,48829.0,6.6,31.3,53.9,8.2,SC,10.17202503,139,789,26,10,0
0,1320,63051,57.3,26161,48829.0,6.6,31.3,53.9,8.2,SC,10.17202503,215,1001,20,79,0
0,953,63051,57.3,26161,48829.0,6.6,31.3,53.9,8.2,SC,10.17202503,158,752,27,16,0
0,1113,63051,57.3,26161,48829.0,6.6,31.3,53.9,8.2,SC,10.17202503,169,895,36,10,0
0,1293,64390,56.3,22924,50360.0,4.7,32.9,52.5,9.9,SC,10.03993968,253,877,62,98,0
0,965,64390,56.3,22924,50360.0,4.7,32.9,52.5,9.9,SC,10.03993968,215,645,62,36,0
0,967,64390,56.3,22924,50360.0,4.7,32.9,52.5,9.9,SC,10.03993968,206,701,33,24,0
0,1138,64390,56.3,22924,50360.0,4.7,32.9,52.5,9.9,SC,10.03993968,220,828,44,44,0
0,1260,64390,56.3,22924,50360.0,4.7,32.9,52.5,9.9,SC,10.03993968,264,858,67,69,0
0,1309,64390,56.3,22924,50360.0,4.7,32.9,52.5,9.9,SC,10.03993968,243,926,53,83,0
0,1202,64390,56.3,22924,50360.0,4.7,32.9,52.5,9.9,SC,10.03993968,171,940,45,41,0
0,1105,64390,56.3,22924,50360.0,4.7,32.9,52.5,9.9,SC,10.03993968,157,899,13,34,0
0,1066,64390,56.3,22924,50360.0,4.7,32.9,52.5,9.9,SC,10.03993968,99,923,13,29,0
0,1046,64390,56.3,22924,50360.0,4.7,32.9,52.5,9.9,SC,10.03993968,105,884,12,39,0
0,981,64390,56.3,22924,50360.0,4.7,32.9,52.5,9.9,SC,10.03993968,109,797,15,53,0
0,1006,64390,56.3,22924,50360.0,4.7,32.9,52.5,9.9,SC,10.03993968,74,822,35,67,0
1,8035,376832,51.9,30502,10.8,13.7,21.7,50.6,14.0,OH,10.32554753,2094,5383,275,262,1
1,6970,376832,51.9,30502,10.8,13.7,21.7,50.6,14.0,OH,10.32554753,1917,4545,254,230,1
1,9104,376832,51.9,30502,10.8,13.7,21.7,50.6,14.0,OH,10.32554753,2422,6148,281,231,1
1,9433,376832,51.9,30502,10.8,13.7,21.7,50.6,14.0,OH,10.32554753,2527,6386,255,233,1
1,10309,376832,51.9,30502,10.8,13.7,21.7,50.6,14.0,OH,10.32554753,2897,6867,296,223,1
1,10019,376832,51.9,30502,10.8,13.7,21.7,50.6,14.0,OH,10.32554753,2684,6766,286,249,1
1,10645,376832,51.9,30502,10.8,13.7,21.7,50.6,14.0,OH,10.32554753,2740,7267,281,316,1
1,10352,376832,51.9,30502,10.8,13.7,21.7,50.6,14.0,OH,10.32554753,2632,7046,268,358,1
1,9520,376832,51.9,30502,10.8,13.7,21.7,50.6,14.0,OH,10.32554753,2398,6518,260,305,1
1,9649,376832,51.9,30502,10.8,13.7,21.7,50.6,14.0,OH,10.32554753,2183,6905,271,257,1
1,9549,376832,51.9,30502,10.8,13.7,21.7,50.6,14.0,OH,10.32554753,2194,6757,326,243,1
1,9125,376832,51.9,30502,10.8,13.7,21.7,50.6,14.0,OH,10.32554753,2175,6396,254,280,1
1,7795,396052,50.4,31896,9.9,10.9,20.7,53.4,15.0,OH,10.37023589,2199,5049,266,259,1
1,6680,396052,50.4,31896,9.9,10.9,20.7,53.4,15.0,OH,10.37023589,2062,4087,237,259,1
1,7857,396052,50.4,31896,9.9,10.9,20.7,53.4,15.0,OH,10.37023589,2396,4917,226,285,1
1,7617,396052,50.4,31896,9.9,10.9,20.7,53.4,15.0,OH,10.37023589,2327,4812,211,240,1
1,8424,396052,50.4,31896,9.9,10.9,20.7,53.4,15.0,OH,10.37023589,2673,5282,218,216,1
1,9438,396052,50.4,31896,9.9,10.9,20.7,53.4,15.0,OH,10.37023589,2447,6356,328,277,1
1,9981,396052,50.4,31896,9.9,10.9,20.7,53.4,15.0,OH,10.37023589,2610,6701,364,256,1
1,9675,396052,50.4,31896,9.9,10.9,20.7,53.4,15.0,OH,10.37023589,2497,6479,350,301,1
1,8994,396052,50.4,31896,9.9,10.9,20.7,53.4,15.0,OH,10.37023589,2236,6151,324,248,1
1,9475,396052,50.4,31896,9.9,10.9,20.7,53.4,15.0,OH,10.37023589,2298,6549,360,237,1
1,8454,396052,50.4,31896,9.9,10.9,20.7,53.4,15.0,OH,10.37023589,2015,5852,353,204,1
1,8077,396052,50.4,31896,9.9,10.9,20.7,53.4,15.0,OH,10.37023589,1868,5629,357,192,1
1,8288,406463,50.8,31774,402811.0,12.9,25.2,46.8,15.1,OH,10.36640362,2046,5511,390,310,1
1,6593,406463,50.8,31774,402811.0,12.9,25.2,46.8,15.1,OH,10.36640362,1767,4141,357,298,1
1,7785,406463,50.8,31774,402811.0,12.9,25.2,46.8,15.1,OH,10.36640362,1997,5055,385,315,1
1,8316,406463,50.8,31774,402811.0,12.9,25.2,46.8,15.1,OH,10.36640362,2216,5332,396,334,1
1,8292,406463,50.8,31774,402811.0,12.9,25.2,46.8,15.1,OH,10.36640362,2350,5369,275,267,1
1,7838,406463,50.8,31774,402811.0,12.9,25.2,46.8,15.1,OH,10.36640362,2061,5363,210,179,1
1,8503,406463,50.8,31774,402811.0,12.9,25.2,46.8,15.1,OH,10.36640362,1981,5854,348,285,1
1,8176,406463,50.8,31774,402811.0,12.9,25.2,46.8,15.1,OH,10.36640362,1963,5559,311,309,1
1,7686,406463,50.8,31774,402811.0,12.9,25.2,46.8,15.1,OH,10.36640362,1878,5228,314,242,1
1,7342,406463,50.8,31774,402811.0,12.9,25.2,46.8,15.1,OH,10.36640362,1681,5034,317,278,1
1,6382,406463,50.8,31774,402811.0,12.9,25.2,46.8,15.1,OH,10.36640362,1442,4417,301,201,1
1,5891,406463,50.8,31774,402811.0,12.9,25.2,46.8,15.1,OH,10.36640362,1342,4039,297,195,1
1,5674,430314,49.9,31402,426529.0,9.5,24.9,51.1,14.6,OH,10.35462686,1352,3712,355,240,1
1,4458,430314,49.9,31402,426529.0,9.5,24.9,51.1,14.6,OH,10.35462686,1180,2752,314,189,1
1,6238,430314,49.9,31402,426529.0,9.5,24.9,51.1,14.6,OH,10.35462686,1633,3978,385,225,1
1,6911,430314,49.9,31402,426529.0,9.5,24.9,51.1,14.6,OH,10.35462686,1755,4526,349,252,1
1,7563,430314,49.9,31402,426529.0,9.5,24.9,51.1,14.6,OH,10.35462686,2060,4852,314,309,1
1,7126,430314,49.9,31402,426529.0,9.5,24.9,51.1,14.6,OH,10.35462686,1922,4613,318,261,1
1,7468,430314,49.9,31402,426529.0,9.5,24.9,51.1,14.6,OH,10.35462686,1743,5114,333,258,1
1,7578,430314,49.9,31402,426529.0,9.5,24.9,51.1,14.6,OH,10.35462686,1842,5074,368,277,1
1,7137,430314,49.9,31402,426529.0,9.5,24.9,51.1,14.6,OH,10.35462686,1798,4760,349,214,1
1,7106,430314,49.9,31402,426529.0,9.5,24.9,51.1,14.6,OH,10.35462686,1669,4845,323,237,1
1,5845,430314,49.9,31402,426529.0,9.5,24.9,51.1,14.6,OH,10.35462686,1366,4007,299,147,1
1,6386,430314,49.9,31402,426529.0,9.5,24.9,51.1,14.6,OH,10.35462686,1378,4510,315,164,1
1,3123,315036,53.1,35812,9.7,16.3,21.9,45.3,16.4,CO,10.48603831,555,2279,141,137,1
1,2610,315036,53.1,35812,9.7,16.3,21.9,45.3,16.4,CO,10.48603831,442,1893,136,128,1
1,3291,315036,53.1,35812,9.7,16.3,21.9,45.3,16.4,CO,10.48603831,585,2366,160,171,1
1,3179,315036,53.1,35812,9.7,16.3,21.9,45.3,16.4,CO,10.48603831,560,2388,129,86,1
1,3268,315036,53.1,35812,9.7,16.3,21.9,45.3,16.4,CO,10.48603831,607,2398,116,133,1
1,3322,315036,53.1,35812,9.7,16.3,21.9,45.3,16.4,CO,10.48603831,615,2447,127,115,1
1,3455,315036,53.1,35812,9.7,16.3,21.9,45.3,16.4,CO,10.48603831,674,2526,120,123,1
1,3577,315036,53.1,35812,9.7,16.3,21.9,45.3,16.4,CO,10.48603831,687,2628,128,123,1
1,3436,315036,53.1,35812,9.7,16.3,21.9,45.3,16.4,CO,10.48603831,630,2547,118,127,1
1,3249,315036,53.1,35812,9.7,16.3,21.9,45.3,16.4,CO,10.48603831,570,2472,110,84,1
1,3341,315036,53.1,35812,9.7,16.3,21.9,45.3,16.4,CO,10.48603831,529,2597,122,81,1
1,2908,315036,53.1,35812,9.7,16.3,21.9,45.3,16.4,CO,10.48603831,539,2171,117,64,1
1,3333,328967,53.8,35990,8.9,16.3,21.6,41.9,20.2,CO,10.4909964,618,2426,163,107,1
1,2666,328967,53.8,35990,8.9,16.3,21.6,41.9,20.2,CO,10.4909964,488,1915,123,122,1
1,3182,328967,53.8,35990,8.9,16.3,21.6,41.9,20.2,CO,10.4909964,634,2260,149,123,1
1,3304,328967,53.8,35990,8.9,16.3,21.6,41.9,20.2,CO,10.4909964,638,2356,139,150,1
1,3427,328967,53.8,35990,8.9,16.3,21.6,41.9,20.2,CO,10.4909964,555,2604,119,133,1
1,3275,328967,53.8,35990,8.9,16.3,21.6,41.9,20.2,CO,10.4909964,560,2479,68,155,1
1,3812,328967,53.8,35990,8.9,16.3,21.6,41.9,20.2,CO,10.4909964,729,2821,96,153,1
1,3802,328967,53.8,35990,8.9,16.3,21.6,41.9,20.2,CO,10.4909964,703,2834,102,146,1
1,3535,328967,53.8,35990,8.9,16.3,21.6,41.9,20.2,CO,10.4909964,638,2631,95,156,1
1,3331,328967,53.8,35990,8.9,16.3,21.6,41.9,20.2,CO,10.4909964,547,2553,80,138,1
1,3191,328967,53.8,35990,8.9,16.3,21.6,41.9,20.2,CO,10.4909964,589,2357,74,154,1
1,3157,328967,53.8,35990,8.9,16.3,21.6,41.9,20.2,CO,10.4909964,568,2384,66,121,1
1,3618,342671,53.4,35831,340433.0,14.8,22.5,43.5,19.3,CO,10.48656872,651,2652,96,196,1
1,2822,342671,53.4,35831,340433.0,14.8,22.5,43.5,19.3,CO,10.48656872,480,2090,81,163,1
1,2943,342671,53.4,35831,340433.0,14.8,22.5,43.5,19.3,CO,10.48656872,605,2063,119,145,1
1,2995,342671,53.4,35831,340433.0,14.8,22.5,43.5,19.3,CO,10.48656872,520,2182,126,159,1
1,3750,342671,53.4,35831,340433.0,14.8,22.5,43.5,19.3,CO,10.48656872,790,2604,101,235,1
1,4056,342671,53.4,35831,340433.0,14.8,22.5,43.5,19.3,CO,10.48656872,895,2813,94,234,1
1,4363,342671,53.4,35831,340433.0,14.8,22.5,43.5,19.3,CO,10.48656872,923,3005,110,300,1
1,4148,342671,53.4,35831,340433.0,14.8,22.5,43.5,19.3,CO,10.48656872,905,2835,90,294,1
1,3959,342671,53.4,35831,340433.0,14.8,22.5,43.5,19.3,CO,10.48656872,926,2585,88,326,1
1,3972,342671,53.4,35831,340433.0,14.8,22.5,43.5,19.3,CO,10.48656872,875,2633,84,348,1
1,3484,342671,53.4,35831,340433.0,14.8,22.5,43.5,19.3,CO,10.48656872,797,2316,78,272,1
1,3350,342671,53.4,35831,340433.0,14.8,22.5,43.5,19.3,CO,10.48656872,715,2270,79,261,1
1,3919,355282,53.8,37878,353538.0,12.4,24.2,45.2,18.3,CO,10.54212575,864,2624,136,277,1
1,3125,355282,53.8,37878,353538.0,12.4,24.2,45.2,18.3,CO,10.54212575,732,1981,102,285,1
1,3544,355282,53.8,37878,353538.0,12.4,24.2,45.2,18.3,CO,10.54212575,787,2291,117,326,1
1,3375,355282,53.8,37878,353538.0,12.4,24.2,45.2,18.3,CO,10.54212575,717,2166,134,336,1
1,3794,355282,53.8,37878,353538.0,12.4,24.2,45.2,18.3,CO,10.54212575,953,2434,109,278,1
1,3825,355282,53.8,37878,353538.0,12.4,24.2,45.2,18.3,CO,10.54212575,881,2567,94,261,1
1,4075,355282,53.8,37878,353538.0,12.4,24.2,45.2,18.3,CO,10.54212575,957,2753,75,271,1
1,4248,355282,53.8,37878,353538.0,12.4,24.2,45.2,18.3,CO,10.54212575,938,2814,83,388,1
1,4030,355282,53.8,37878,353538.0,12.4,24.2,45.2,18.3,CO,10.54212575,988,2541,108,370,1
1,3868,355282,53.8,37878,353538.0,12.4,24.2,45.2,18.3,CO,10.54212575,936,2461,96,351,1
1,3177,355282,53.8,37878,353538.0,12.4,24.2,45.2,18.3,CO,10.54212575,748,2067,81,268,1
1,3201,355282,53.8,37878,353538.0,12.4,24.2,45.2,18.3,CO,10.54212575,777,2090,107,215,1
0,1697,95227,51.1,30405,8.2,16.7,34.7,39.1,9.5,IA,10.32236235,435,1022,103,102,2
0,1417,95227,51.1,30405,8.2,16.7,34.7,39.1,9.5,IA,10.32236235,391,807,86,107,2
0,1841,95227,51.1,30405,8.2,16.7,34.7,39.1,9.5,IA,10.32236235,460,1150,102,102,2
0,1978,95227,51.1,30405,8.2,16.7,34.7,39.1,9.5,IA,10.32236235,479,1204,124,138,2
0,2136,95227,51.1,30405,8.2,16.7,34.7,39.1,9.5,IA,10.32236235,554,1350,93,108,2
0,2091,95227,51.1,30405,8.2,16.7,34.7,39.1,9.5,IA,10.32236235,545,1306,119,98,2
0,2152,95227,51.1,30405,8.2,16.7,34.7,39.1,9.5,IA,10.32236235,517,1309,153,145,2
0,2046,95227,51.1,30405,8.2,16.7,34.7,39.1,9.5,IA,10.32236235,522,1250,112,132,2
0,1927,95227,51.1,30405,8.2,16.7,34.7,39.1,9.5,IA,10.32236235,513,1163,87,137,2
0,1954,95227,51.1,30405,8.2,16.7,34.7,39.1,9.5,IA,10.32236235,537,1171,97,122,2
0,1815,95227,51.1,30405,8.2,16.7,34.7,39.1,9.5,IA,10.32236235,437,1131,107,104,2
0,1767,95227,51.1,30405,8.2,16.7,34.7,39.1,9.5,IA,10.32236235,406,1164,93,87,2
0,1761,100257,50.9,30741,9.3,16.6,26.4,45.9,11.2,IA,10.33335255,462,1034,107,122,2
0,1373,100257,50.9,30741,9.3,16.6,26.4,45.9,11.2,IA,10.33335255,340,768,111,127,2
0,1722,100257,50.9,30741,9.3,16.6,26.4,45.9,11.2,IA,10.33335255,456,961,120,150,2
0,1751,100257,50.9,30741,9.3,16.6,26.4,45.9,11.2,IA,10.33335255,499,1028,78,118,2
0,1870,100257,50.9,30741,9.3,16.6,26.4,45.9,11.2,IA,10.33335255,494,1122,87,144,2
0,1900,100257,50.9,30741,9.3,16.6,26.4,45.9,11.2,IA,10.33335255,482,1175,99,124,2
0,1951,100257,50.9,30741,9.3,16.6,26.4,45.9,11.2,IA,10.33335255,473,1241,93,109,2
0,1931,100257,50.9,30741,9.3,16.6,26.4,45.9,11.2,IA,10.33335255,467,1248,71,113,2
0,1835,100257,50.9,30741,9.3,16.6,26.4,45.9,11.2,IA,10.33335255,456,1092,97,146,2
0,1852,100257,50.9,30741,9.3,16.6,26.4,45.9,11.2,IA,10.33335255,445,1194,78,104,2
0,1789,100257,50.9,30741,9.3,16.6,26.4,45.9,11.2,IA,10.33335255,398,1131,87,128,2
0,1618,100257,50.9,30741,9.3,16.6,26.4,45.9,11.2,IA,10.33335255,367,1014,85,113,2
0,1612,105878,52.8,29964,104592.0,11.2,31.1,44.8,12.9,IA,10.30775194,382,915,138,135,2
0,1362,105878,52.8,29964,104592.0,11.2,31.1,44.8,12.9,IA,10.30775194,338,750,110,130,2
0,1452,105878,52.8,29964,104592.0,11.2,31.1,44.8,12.9,IA,10.30775194,372,837,101,113,2
0,1797,105878,52.8,29964,104592.0,11.2,31.1,44.8,12.9,IA,10.30775194,450,1084,95,134,2
0,1963,105878,52.8,29964,104592.0,11.2,31.1,44.8,12.9,IA,10.30775194,456,1212,106,154,2
0,1842,105878,52.8,29964,104592.0,11.2,31.1,44.8,12.9,IA,10.30775194,483,1108,95,120,2
0,1964,105878,52.8,29964,104592.0,11.2,31.1,44.8,12.9,IA,10.30775194,503,1168,126,131,2
0,2108,105878,52.8,29964,104592.0,11.2,31.1,44.8,12.9,IA,10.30775194,518,1270,128,141,2
0,1884,105878,52.8,29964,104592.0,11.2,31.1,44.8,12.9,IA,10.30775194,432,1156,102,145,2
0,1752,105878,52.8,29964,104592.0,11.2,31.1,44.8,12.9,IA,10.30775194,403,1034,108,163,2
0,1636,105878,52.8,29964,104592.0,11.2,31.1,44.8,12.9,IA,10.30775194,361,1014,83,135,2
0,1444,105878,52.8,29964,104592.0,11.2,31.1,44.8,12.9,IA,10.30775194,383,837,103,103,2
0,1399,101117,51.7,31137,99901.0,15.0,32.7,44.0,8.3,IA,10.3461521,353,827,91,97,2
0,1141,101117,51.7,31137,99901.0,15.0,32.7,44.0,8.3,IA,10.3461521,291,574,108,132,2
0,1484,101117,51.7,31137,99901.0,15.0,32.7,44.0,8.3,IA,10.3461521,428,740,117,157,2
0,1596,101117,51.7,31137,99901.0,15.0,32.7,44.0,8.3,IA,10.3461521,478,848,81,146,2
0,1772,101117,51.7,31137,99901.0,15.0,32.7,44.0,8.3,IA,10.3461521,452,1024,94,165,2
0,1642,101117,51.7,31137,99901.0,15.0,32.7,44.0,8.3,IA,10.3461521,470,908,83,143,2
0,1888,101117,51.7,31137,99901.0,15.0,32.7,44.0,8.3,IA,10.3461521,469,1110,109,160,2
0,1819,101117,51.7,31137,99901.0,15.0,32.7,44.0,8.3,IA,10.3461521,447,1089,95,145,2
0,1766,101117,51.7,31137,99901.0,15.0,32.7,44.0,8.3,IA,10.3461521,450,1069,106,108,2
0,1798,101117,51.7,31137,99901.0,15.0,32.7,44.0,8.3,IA,10.3461521,430,1064,108,152,2
0,1532,101117,51.7,31137,99901.0,15.0,32.7,44.0,8.3,IA,10.3461521,365,956,84,99,2
0,1508,101117,51.7,31137,99901.0,15.0,32.7,44.0,8.3,IA,10.3461521,358,918,118,83,2
1,7181,197750,44.3,22418,19.1,28.2,31.3,36.3,4.2,MI,10.01761949,2331,4343,340,158,2
1,5750,197750,44.3,22418,19.1,28.2,31.3,36.3,4.2,MI,10.01761949,2109,3043,365,217,2
1,7780,197750,44.3,22418,19.1,28.2,31.3,36.3,4.2,MI,10.01761949,2748,4400,375,240,2
1,8355,197750,44.3,22418,19.1,28.2,31.3,36.3,4.2,MI,10.01761949,2817,4873,411,232,2
1,8627,197750,44.3,22418,19.1,28.2,31.3,36.3,4.2,MI,10.01761949,3103,4989,329,193,2
1,8771,197750,44.3,22418,19.1,28.2,31.3,36.3,4.2,MI,10.01761949,3090,5127,335,195,2
1,9283,197750,44.3,22418,19.1,28.2,31.3,36.3,4.2,MI,10.01761949,3339,5407,298,215,2
1,9224,197750,44.3,22418,19.1,28.2,31.3,36.3,4.2,MI,10.01761949,3219,5358,344,278,2
1,8285,197750,44.3,22418,19.1,28.2,31.3,36.3,4.2,MI,10.01761949,2657,5026,299,286,2
1,8620,197750,44.3,22418,19.1,28.2,31.3,36.3,4.2,MI,10.01761949,2745,5289,292,282,2
1,8133,197750,44.3,22418,19.1,28.2,31.3,36.3,4.2,MI,10.01761949,2618,5052,239,212,2
1,7043,197750,44.3,22418,19.1,28.2,31.3,36.3,4.2,MI,10.01761949,2219,4416,199,195,2
1,7254,200188,45.3,21658,20.7,25.2,32.6,38.8,3.4,MI,9.98313018,2276,4341,375,252,2
1,6959,200188,45.3,21658,20.7,25.2,32.6,38.8,3.4,MI,9.98313018,2270,3772,631,276,2
1,7744,200188,45.3,21658,20.7,25.2,32.6,38.8,3.4,MI,9.98313018,2791,4043,632,263,2
1,8081,200188,45.3,21658,20.7,25.2,32.6,38.8,3.4,MI,9.98313018,2765,4482,583,238,2
1,8550,200188,45.3,21658,20.7,25.2,32.6,38.8,3.4,MI,9.98313018,3114,4637,472,301,2
1,8088,200188,45.3,21658,20.7,25.2,32.6,38.8,3.4,MI,9.98313018,2937,4486,421,230,2
1,8733,200188,45.3,21658,20.7,25.2,32.6,38.8,3.4,MI,9.98313018,3301,4759,442,213,2
1,8761,200188,45.3,21658,20.7,25.2,32.6,38.8,3.4,MI,9.98313018,3199,4836,461,242,2
1,7942,200188,45.3,21658,20.7,25.2,32.6,38.8,3.4,MI,9.98313018,2751,4611,367,193,2
1,7920,200188,45.3,21658,20.7,25.2,32.6,38.8,3.4,MI,9.98313018,2455,4795,452,206,2
1,7839,200188,45.3,21658,20.7,25.2,32.6,38.8,3.4,MI,9.98313018,2483,4692,403,252,2
1,7033,200188,45.3,21658,20.7,25.2,32.6,38.8,3.4,MI,9.98313018,2316,4173,320,204,2
1,7637,206168,45.9,22888,205134.0,23.4,31.5,41.0,4.1,MI,10.03836803,2562,4268,589,202,3
1,5942,206168,45.9,22888,205134.0,23.4,31.5,41.0,4.1,MI,10.03836803,1956,3156,650,170,3
1,7745,206168,45.9,22888,205134.0,23.4,31.5,41.0,4.1,MI,10.03836803,2550,4230,655,299,3
1,8179,206168,45.9,22888,205134.0,23.4,31.5,41.0,4.1,MI,10.03836803,2690,4588,642,242,3
1,8927,206168,45.9,22888,205134.0,23.4,31.5,41.0,4.1,MI,10.03836803,3252,4873,500,282,3
1,8290,206168,45.9,22888,205134.0,23.4,31.5,41.0,4.1,MI,10.03836803,2968,4617,488,197,3
1,8890,206168,45.9,22888,205134.0,23.4,31.5,41.0,4.1,MI,10.03836803,3121,5038,497,214,3
1,8609,206168,45.9,22888,205134.0,23.4,31.5,41.0,4.1,MI,10.03836803,3167,4757,492,170,3
1,7584,206168,45.9,22888,205134.0,23.4,31.5,41.0,4.1,MI,10.03836803,2694,4235,419,226,3
1,7424,206168,45.9,22888,205134.0,23.4,31.5,41.0,4.1,MI,10.03836803,2498,4265,402,247,3
1,7074,206168,45.9,22888,205134.0,23.4,31.5,41.0,4.1,MI,10.03836803,2341,4196,349,176,3
1,6571,206168,45.9,22888,205134.0,23.4,31.5,41.0,4.1,MI,10.03836803,2251,3802,329,176,3
1,5946,218627,45.3,21373,218217.0,21.9,37.4,35.5,5.2,MI,9.969883722,2043,3130,539,221,2
1,5006,218627,45.3,21373,218217.0,21.9,37.4,35.5,5.2,MI,9.969883722,1824,2454,562,155,2
1,6862,218627,45.3,21373,218217.0,21.9,37.4,35.5,5.2,MI,9.969883722,2461,3566,566,251,2
1,7237,218627,45.3,21373,218217.0,21.9,37.4,35.5,5.2,MI,9.969883722,2552,3929,489,250,2
1,7344,218627,45.3,21373,218217.0,21.9,37.4,35.5,5.2,MI,9.969883722,2839,3837,467,185,2
1,6711,218627,45.3,21373,218217.0,21.9,37.4,35.5,5.2,MI,9.969883722,2672,3479,422,122,2
1,7639,218627,45.3,21373,218217.0,21.9,37.4,35.5,5.2,MI,9.969883722,2850,4070,501,204,2
1,7536,218627,45.3,21373,218217.0,21.9,37.4,35.5,5.2,MI,9.969883722,2930,3934,476,183,2
1,7471,218627,45.3,21373,218217.0,21.9,37.4,35.5,5.2,MI,9.969883722,2722,4044,509,178,2
1,7332,218627,45.3,21373,218217.0,21.9,37.4,35.5,5.2,MI,9.969883722,2733,3783,534,265,2
1,5688,218627,45.3,21373,218217.0,21.9,37.4,35.5,5.2,MI,9.969883722,2143,2980,370,185,2
1,6674,218627,45.3,21373,218217.0,21.9,37.4,35.5,5.2,MI,9.969883722,2245,3785,432,197,2
0,1108,81823,50.0,25206,13.5,11.2,22.2,48.5,18.1,MI,10.13483734,421,528,36,121,1
0,899,81823,50.0,25206,13.5,11.2,22.2,48.5,18.1,MI,10.13483734,388,370,27,114,1
0,1149,81823,50.0,25206,13.5,11.2,22.2,48.5,18.1,MI,10.13483734,426,527,35,160,1
0,1227,81823,50.0,25206,13.5,11.2,22.2,48.5,18.1,MI,10.13483734,430,590,53,154,1
0,1501,81823,50.0,25206,13.5,11.2,22.2,48.5,18.1,MI,10.13483734,540,736,60,164,1
0,1511,81823,50.0,25206,13.5,11.2,22.2,48.5,18.1,MI,10.13483734,548,764,52,147,1
0,1579,81823,50.0,25206,13.5,11.2,22.2,48.5,18.1,MI,10.13483734,616,792,46,125,1
0,1562,81823,50.0,25206,13.5,11.2,22.2,48.5,18.1,MI,10.13483734,487,877,47,151,1
0,1446,81823,50.0,25206,13.5,11.2,22.2,48.5,18.1,MI,10.13483734,499,748,46,152,1
0,1337,81823,50.0,25206,13.5,11.2,22.2,48.5,18.1,MI,10.13483734,469,686,28,152,1
0,1261,81823,50.0,25206,13.5,11.2,22.2,48.5,18.1,MI,10.13483734,416,681,32,132,1
0,1182,81823,50.0,25206,13.5,11.2,22.2,48.5,18.1,MI,10.13483734,405,601,38,138,1
0,1237,85520,50.8,26544,14.5,16.0,25.2,43.6,15.2,MI,10.18655901,438,603,48,147,0
0,1099,85520,50.8,26544,14.5,16.0,25.2,43.6,15.2,MI,10.18655901,416,462,47,172,0
0,1363,85520,50.8,26544,14.5,16.0,25.2,43.6,15.2,MI,10.18655901,470,690,32,171,0
0,1407,85520,50.8,26544,14.5,16.0,25.2,43.6,15.2,MI,10.18655901,452,774,39,142,0
0,1656,85520,50.8,26544,14.5,16.0,25.2,43.6,15.2,MI,10.18655901,568,902,39,146,0
0,1549,85520,50.8,26544,14.5,16.0,25.2,43.6,15.2,MI,10.18655901,577,777,49,145,0
0,1756,85520,50.8,26544,14.5,16.0,25.2,43.6,15.2,MI,10.18655901,651,911,44,150,0
0,1523,85520,50.8,26544,14.5,16.0,25.2,43.6,15.2,MI,10.18655901,542,801,51,129,0
0,1465,85520,50.8,26544,14.5,16.0,25.2,43.6,15.2,MI,10.18655901,528,732,53,152,0
0,1366,85520,50.8,26544,14.5,16.0,25.2,43.6,15.2,MI,10.18655901,467,712,56,131,0
0,1185,85520,50.8,26544,14.5,16.0,25.2,43.6,15.2,MI,10.18655901,372,640,53,120,0
0,1249,85520,50.8,26544,14.5,16.0,25.2,43.6,15.2,MI,10.18655901,455,634,49,111,0
0,1153,86990,49.7,25835,85528.0,13.7,21.6,49.3,15.5,MI,10.15948544,407,567,46,132,1
0,873,86990,49.7,25835,85528.0,13.7,21.6,49.3,15.5,MI,10.15948544,338,373,38,124,1
0,1188,86990,49.7,25835,85528.0,13.7,21.6,49.3,15.5,MI,10.15948544,435,534,47,171,1
0,1251,86990,49.7,25835,85528.0,13.7,21.6,49.3,15.5,MI,10.15948544,420,651,48,132,1
0,1340,86990,49.7,25835,85528.0,13.7,21.6,49.3,15.5,MI,10.15948544,508,735,49,48,1
0,1428,86990,49.7,25835,85528.0,13.7,21.6,49.3,15.5,MI,10.15948544,560,770,42,55,1
0,1578,86990,49.7,25835,85528.0,13.7,21.6,49.3,15.5,MI,10.15948544,608,869,41,60,1
0,1488,86990,49.7,25835,85528.0,13.7,21.6,49.3,15.5,MI,10.15948544,556,823,37,72,1
0,1350,86990,49.7,25835,85528.0,13.7,21.6,49.3,15.5,MI,10.15948544,503,765,24,57,1
0,1348,86990,49.7,25835,85528.0,13.7,21.6,49.3,15.5,MI,10.15948544,451,783,47,66,1
0,1085,86990,49.7,25835,85528.0,13.7,21.6,49.3,15.5,MI,10.15948544,383,599,43,60,1
0,956,86990,49.7,25835,85528.0,13.7,21.6,49.3,15.5,MI,10.15948544,378,488,44,45,1
0,853,91771,51.2,25597,90353.0,15.1,20.6,46.4,18.0,MI,10.15023044,355,425,31,41,0
0,791,91771,51.2,25597,90353.0,15.1,20.6,46.4,18.0,MI,10.15023044,348,349,43,51,0
0,926,91771,51.2,25597,90353.0,15.1,20.6,46.4,18.0,MI,10.15023044,428,399,39,59,0
0,1051,91771,51.2,25597,90353.0,15.1,20.6,46.4,18.0,MI,10.15023044,426,514,50,61,0
0,1369,91771,51.2,25597,90353.0,15.1,20.6,46.4,18.0,MI,10.15023044,547,673,69,80,0
0,1361,91771,51.2,25597,90353.0,15.1,20.6,46.4,18.0,MI,10.15023044,536,766,47,12,0
0,1404,91771,51.2,25597,90353.0,15.1,20.6,46.4,18.0,MI,10.15023044,519,791,85,9,0
0,1316,91771,51.2,25597,90353.0,15.1,20.6,46.4,18.0,MI,10.15023044,545,697,64,10,0
0,1263,91771,51.2,25597,90353.0,15.1,20.6,46.4,18.0,MI,10.15023044,514,688,54,6,0
0,1114,91771,51.2,25597,90353.0,15.1,20.6,46.4,18.0,MI,10.15023044,479,552,67,16,0
0,974,91771,51.2,25597,90353.0,15.1,20.6,46.4,18.0,MI,10.15023044,441,477,48,8,0
0,925,91771,51.2,25597,90353.0,15.1,20.6,46.4,18.0,MI,10.15023044,366,518,37,4,0
1,3292,224469,50.3,32285,8.5,13.1,27.5,42.7,16.7,MO,10.38235801,799,2057,202,191,2
1,2986,224469,50.3,32285,8.5,13.1,27.5,42.7,16.7,MO,10.38235801,710,1845,172,216,2
1,3818,224469,50.3,32285,8.5,13.1,27.5,42.7,16.7,MO,10.38235801,893,2369,180,310,2
1,4003,224469,50.3,32285,8.5,13.1,27.5,42.7,16.7,MO,10.38235801,976,2529,154,284,2
1,4476,224469,50.3,32285,8.5,13.1,27.5,42.7,16.7,MO,10.38235801,1160,2796,227,231,2
1,4486,224469,50.3,32285,8.5,13.1,27.5,42.7,16.7,MO,10.38235801,1077,2913,199,214,2
1,4708,224469,50.3,32285,8.5,13.1,27.5,42.7,16.7,MO,10.38235801,1124,3033,216,267,2
1,4362,224469,50.3,32285,8.5,13.1,27.5,42.7,16.7,MO,10.38235801,986,2867,218,224,2
1,4088,224469,50.3,32285,8.5,13.1,27.5,42.7,16.7,MO,10.38235801,950,2638,193,238,2
1,4228,224469,50.3,32285,8.5,13.1,27.5,42.7,16.7,MO,10.38235801,958,2816,164,225,2
1,3940,224469,50.3,32285,8.5,13.1,27.5,42.7,16.7,MO,10.38235801,836,2589,244,213,2
1,4132,224469,50.3,32285,8.5,13.1,27.5,42.7,16.7,MO,10.38235801,852,2799,235,177,2
1,3809,215401,48.5,32153,8.9,12.9,32.5,41.0,13.6,MO,10.37826104,840,2468,223,212,2
1,3282,215401,48.5,32153,8.9,12.9,32.5,41.0,13.6,MO,10.37826104,729,2095,183,214,2
1,3992,215401,48.5,32153,8.9,12.9,32.5,41.0,13.6,MO,10.37826104,1028,2462,235,205,2
1,3980,215401,48.5,32153,8.9,12.9,32.5,41.0,13.6,MO,10.37826104,923,2553,233,214,2
1,4504,215401,48.5,32153,8.9,12.9,32.5,41.0,13.6,MO,10.37826104,1080,2877,217,261,2
1,4401,215401,48.5,32153,8.9,12.9,32.5,41.0,13.6,MO,10.37826104,1081,2892,169,202,2
1,4351,215401,48.5,32153,8.9,12.9,32.5,41.0,13.6,MO,10.37826104,1068,2826,235,167,2
1,4566,215401,48.5,32153,8.9,12.9,32.5,41.0,13.6,MO,10.37826104,1169,2904,198,216,2
1,4172,215401,48.5,32153,8.9,12.9,32.5,41.0,13.6,MO,10.37826104,1126,2581,176,213,2
1,4278,215401,48.5,32153,8.9,12.9,32.5,41.0,13.6,MO,10.37826104,995,2729,209,254,2
1,4078,215401,48.5,32153,8.9,12.9,32.5,41.0,13.6,MO,10.37826104,924,2672,215,197,2
1,3894,215401,48.5,32153,8.9,12.9,32.5,41.0,13.6,MO,10.37826104,889,2587,185,172,2
1,4299,229081,52.0,31888,227807.0,10.1,30.5,39.4,20.1,MO,10.36998504,972,2827,226,211,2
1,3083,229081,52.0,31888,227807.0,10.1,30.5,39.4,20.1,MO,10.36998504,702,2000,145,188,2
1,3874,229081,52.0,31888,227807.0,10.1,30.5,39.4,20.1,MO,10.36998504,907,2351,187,328,2
1,4009,229081,52.0,31888,227807.0,10.1,30.5,39.4,20.1,MO,10.36998504,1013,2450,180,291,2
1,4443,229081,52.0,31888,227807.0,10.1,30.5,39.4,20.1,MO,10.36998504,1078,2787,194,310,2
1,4206,229081,52.0,31888,227807.0,10.1,30.5,39.4,20.1,MO,10.36998504,1099,2585,187,268,2
1,4525,229081,52.0,31888,227807.0,10.1,30.5,39.4,20.1,MO,10.36998504,1077,2890,225,265,2
1,4490,229081,52.0,31888,227807.0,10.1,30.5,39.4,20.1,MO,10.36998504,1063,2853,201,312,2
1,3424,229081,52.0,31888,227807.0,10.1,30.5,39.4,20.1,MO,10.36998504,906,2063,168,230,2
1,3995,229081,52.0,31888,227807.0,10.1,30.5,39.4,20.1,MO,10.36998504,871,2558,219,275,2
1,3692,229081,52.0,31888,227807.0,10.1,30.5,39.4,20.1,MO,10.36998504,859,2296,197,263,2
1,3575,229081,52.0,31888,227807.0,10.1,30.5,39.4,20.1,MO,10.36998504,859,2208,225,232,2
1,3712,231165,50.5,32439,230328.0,16.4,30.0,38.5,15.1,MO,10.38711668,818,2331,216,270,2
1,2955,231165,50.5,32439,230328.0,16.4,30.0,38.5,15.1,MO,10.38711668,717,1785,141,247,2
1,3900,231165,50.5,32439,230328.0,16.4,30.0,38.5,15.1,MO,10.38711668,943,2345,220,311,2
1,3941,231165,50.5,32439,230328.0,16.4,30.0,38.5,15.1,MO,10.38711668,1066,2238,216,350,2
1,4329,231165,50.5,32439,230328.0,16.4,30.0,38.5,15.1,MO,10.38711668,1167,2497,211,375,2
1,4032,231165,50.5,32439,230328.0,16.4,30.0,38.5,15.1,MO,10.38711668,1063,2342,239,313,2
1,4270,231165,50.5,32439,230328.0,16.4,30.0,38.5,15.1,MO,10.38711668,1104,2507,242,317,2
1,4456,231165,50.5,32439,230328.0,16.4,30.0,38.5,15.1,MO,10.38711668,1109,2636,229,354,2
1,4092,231165,50.5,32439,230328.0,16.4,30.0,38.5,15.1,MO,10.38711668,1032,2414,210,327,2
1,4329,231165,50.5,32439,230328.0,16.4,30.0,38.5,15.1,MO,10.38711668,1175,2561,259,259,2
1,3528,231165,50.5,32439,230328.0,16.4,30.0,38.5,15.1,MO,10.38711668,820,2234,174,225,2
1,3824,231165,50.5,32439,230328.0,16.4,30.0,38.5,15.1,MO,10.38711668,919,2400,231,216,2
0,1666,86579,52.5,27896,12.3,6.5,19.9,62.8,10.8,TN,10.23623859,365,993,52,229,1
0,1724,86579,52.5,27896,12.3,6.5,19.9,62.8,10.8,TN,10.23623859,347,966,56,318,1
0,1986,86579,52.5,27896,12.3,6.5,19.9,62.8,10.8,TN,10.23623859,372,1221,83,264,1
0,2097,86579,52.5,27896,12.3,6.5,19.9,62.8,10.8,TN,10.23623859,382,1368,78,234,1
0,2142,86579,52.5,27896,12.3,6.5,19.9,62.8,10.8,TN,10.23623859,402,1367,66,260,1
0,1995,86579,52.5,27896,12.3,6.5,19.9,62.8,10.8,TN,10.23623859,368,1285,67,245,1
0,2069,86579,52.5,27896,12.3,6.5,19.9,62.8,10.8,TN,10.23623859,400,1318,82,239,1
0,2060,86579,52.5,27896,12.3,6.5,19.9,62.8,10.8,TN,10.23623859,405,1308,75,236,1
0,2009,86579,52.5,27896,12.3,6.5,19.9,62.8,10.8,TN,10.23623859,439,1301,57,191,1
0,2132,86579,52.5,27896,12.3,6.5,19.9,62.8,10.8,TN,10.23623859,364,1415,92,229,1
0,1974,86579,52.5,27896,12.3,6.5,19.9,62.8,10.8,TN,10.23623859,372,1292,76,195,1
0,2046,86579,52.5,27896,12.3,6.5,19.9,62.8,10.8,TN,10.23623859,397,1295,67,257,1
0,1997,83417,53.6,28595,11.0,7.3,23.2,56.6,12.9,TN,10.26098716,409,1165,64,314,1
0,1814,83417,53.6,28595,11.0,7.3,23.2,56.6,12.9,TN,10.26098716,366,1014,55,335,1
0,2093,83417,53.6,28595,11.0,7.3,23.2,56.6,12.9,TN,10.26098716,421,1280,60,284,1
0,2012,83417,53.6,28595,11.0,7.3,23.2,56.6,12.9,TN,10.26098716,369,1220,75,306,1
0,2087,83417,53.6,28595,11.0,7.3,23.2,56.6,12.9,TN,10.26098716,423,1309,42,274,1
0,2152,83417,53.6,28595,11.0,7.3,23.2,56.6,12.9,TN,10.26098716,460,1307,72,277,1
0,2173,83417,53.6,28595,11.0,7.3,23.2,56.6,12.9,TN,10.26098716,482,1350,74,236,1
0,2033,83417,53.6,28595,11.0,7.3,23.2,56.6,12.9,TN,10.26098716,401,1315,89,203,1
0,1902,83417,53.6,28595,11.0,7.3,23.2,56.6,12.9,TN,10.26098716,383,1207,88,202,1
0,1864,83417,53.6,28595,11.0,7.3,23.2,56.6,12.9,TN,10.26098716,390,1138,81,217,1
0,1817,83417,53.6,28595,11.0,7.3,23.2,56.6,12.9,TN,10.26098716,363,1139,70,220,1
0,1664,83417,53.6,28595,11.0,7.3,23.2,56.6,12.9,TN,10.26098716,358,1001,58,216,1
0,1736,87226,51.7,27001,85616.0,8.2,28.3,53.6,10.0,TN,10.20362918,329,1081,65,230,1
0,1652,87226,51.7,27001,85616.0,8.2,28.3,53.6,10.0,TN,10.20362918,321,984,58,257,1
0,1688,87226,51.7,27001,85616.0,8.2,28.3,53.6,10.0,TN,10.20362918,358,958,57,272,1
0,1746,87226,51.7,27001,85616.0,8.2,28.3,53.6,10.0,TN,10.20362918,388,1104,56,186,1
0,2013,87226,51.7,27001,85616.0,8.2,28.3,53.6,10.0,TN,10.20362918,401,1242,77,258,1
0,1817,87226,51.7,27001,85616.0,8.2,28.3,53.6,10.0,TN,10.20362918,394,1134,73,188,1
0,1852,87226,51.7,27001,85616.0,8.2,28.3,53.6,10.0,TN,10.20362918,410,1188,55,172,1
0,2039,87226,51.7,27001,85616.0,8.2,28.3,53.6,10.0,TN,10.20362918,409,1294,87,222,1
0,1797,87226,51.7,27001,85616.0,8.2,28.3,53.6,10.0,TN,10.20362918,376,1112,57,219,1
0,1988,87226,51.7,27001,85616.0,8.2,28.3,53.6,10.0,TN,10.20362918,430,1189,90,248,1
0,1743,87226,51.7,27001,85616.0,8.2,28.3,53.6,10.0,TN,10.20362918,330,1133,79,174,1
0,1594,87226,51.7,27001,85616.0,8.2,28.3,53.6,10.0,TN,10.20362918,328,994,69,180,1
0,1722,81015,51.3,24856,79185.0,9.6,18.5,57.6,14.3,TN,10.12085445,341,1082,68,202,1
0,1550,81015,51.3,24856,79185.0,9.6,18.5,57.6,14.3,TN,10.12085445,285,959,70,206,1
0,1872,81015,51.3,24856,79185.0,9.6,18.5,57.6,14.3,TN,10.12085445,351,1157,95,228,1
0,1881,81015,51.3,24856,79185.0,9.6,18.5,57.6,14.3,TN,10.12085445,380,1192,66,214,1
0,2061,81015,51.3,24856,79185.0,9.6,18.5,57.6,14.3,TN,10.12085445,409,1331,91,196,1
0,1915,81015,51.3,24856,79185.0,9.6,18.5,57.6,14.3,TN,10.12085445,428,1218,105,136,1
0,1959,81015,51.3,24856,79185.0,9.6,18.5,57.6,14.3,TN,10.12085445,375,1257,87,218,1
0,2058,81015,51.3,24856,79185.0,9.6,18.5,57.6,14.3,TN,10.12085445,404,1297,97,220,1
0,1958,81015,51.3,24856,79185.0,9.6,18.5,57.6,14.3,TN,10.12085445,405,1158,85,273,1
0,2011,81015,51.3,24856,79185.0,9.6,18.5,57.6,14.3,TN,10.12085445,403,1297,83,204,1
0,1782,81015,51.3,24856,79185.0,9.6,18.5,57.6,14.3,TN,10.12085445,372,1091,88,205,1
0,1640,81015,51.3,24856,79185.0,9.6,18.5,57.6,14.3,TN,10.12085445,396,942,78,201,1
0,2219,90603,48.1,31380,7.6,10.0,30.4,45.3,14.3,AR,10.35392603,811,1224,89,71,3
0,1808,90603,48.1,31380,7.6,10.0,30.4,45.3,14.3,AR,10.35392603,716,911,78,82,3
0,2455,90603,48.1,31380,7.6,10.0,30.4,45.3,14.3,AR,10.35392603,910,1305,90,113,3
0,2576,90603,48.1,31380,7.6,10.0,30.4,45.3,14.3,AR,10.35392603,961,1403,77,88,3
0,2653,90603,48.1,31380,7.6,10.0,30.4,45.3,14.3,AR,10.35392603,1005,1444,84,92,3
0,2646,90603,48.1,31380,7.6,10.0,30.4,45.3,14.3,AR,10.35392603,1006,1415,149,48,3
0,2677,90603,48.1,31380,7.6,10.0,30.4,45.3,14.3,AR,10.35392603,958,1500,94,88,3
0,2588,90603,48.1,31380,7.6,10.0,30.4,45.3,14.3,AR,10.35392603,892,1436,101,130,3
0,2500,90603,48.1,31380,7.6,10.0,30.4,45.3,14.3,AR,10.35392603,899,1424,92,61,3
0,2610,90603,48.1,31380,7.6,10.0,30.4,45.3,14.3,AR,10.35392603,917,1506,113,53,3
0,2599,90603,48.1,31380,7.6,10.0,30.4,45.3,14.3,AR,10.35392603,879,1517,98,79,3
0,2582,90603,48.1,31380,7.6,10.0,30.4,45.3,14.3,AR,10.35392603,802,1602,112,48,3
0,2400,87265,49.7,33725,7.2,12.0,33.4,40.9,13.7,AR,10.42599468,812,1359,112,82,3
0,1944,87265,49.7,33725,7.2,12.0,33.4,40.9,13.7,AR,10.42599468,738,998,94,84,3
0,2524,87265,49.7,33725,7.2,12.0,33.4,40.9,13.7,AR,10.42599468,909,1357,102,116,3
0,2732,87265,49.7,33725,7.2,12.0,33.4,40.9,13.7,AR,10.42599468,934,1551,130,88,3
0,2816,87265,49.7,33725,7.2,12.0,33.4,40.9,13.7,AR,10.42599468,999,1571,144,75,3
0,2558,87265,49.7,33725,7.2,12.0,33.4,40.9,13.7,AR,10.42599468,879,1441,131,84,3
0,2718,87265,49.7,33725,7.2,12.0,33.4,40.9,13.7,AR,10.42599468,888,1601,120,87,3
0,2656,87265,49.7,33725,7.2,12.0,33.4,40.9,13.7,AR,10.42599468,853,1558,103,108,3
0,2505,87265,49.7,33725,7.2,12.0,33.4,40.9,13.7,AR,10.42599468,890,1437,82,69,3
0,2664,87265,49.7,33725,7.2,12.0,33.4,40.9,13.7,AR,10.42599468,867,1563,99,93,3
0,2606,87265,49.7,33725,7.2,12.0,33.4,40.9,13.7,AR,10.42599468,834,1565,105,73,3
0,2442,87265,49.7,33725,7.2,12.0,33.4,40.9,13.7,AR,10.42599468,798,1432,98,83,3
0,2439,91877,52.6,32330,91877.0,16.7,18.6,51.7,13.0,AR,10.38375087,885,1310,104,104,3
0,1995,91877,52.6,32330,91877.0,16.7,18.6,51.7,13.0,AR,10.38375087,648,1108,89,112,3
0,2389,91877,52.6,32330,91877.0,16.7,18.6,51.7,13.0,AR,10.38375087,821,1333,79,113,3
0,2618,91877,52.6,32330,91877.0,16.7,18.6,51.7,13.0,AR,10.38375087,940,1456,91,96,3
0,2692,91877,52.6,32330,91877.0,16.7,18.6,51.7,13.0,AR,10.38375087,943,1504,108,97,3
0,2706,91877,52.6,32330,91877.0,16.7,18.6,51.7,13.0,AR,10.38375087,875,1634,82,80,3
0,2824,91877,52.6,32330,91877.0,16.7,18.6,51.7,13.0,AR,10.38375087,857,1724,110,89,3
0,2772,91877,52.6,32330,91877.0,16.7,18.6,51.7,13.0,AR,10.38375087,867,1626,127,120,3
0,2505,91877,52.6,32330,91877.0,16.7,18.6,51.7,13.0,AR,10.38375087,928,1372,92,81,3
0,2633,91877,52.6,32330,91877.0,16.7,18.6,51.7,13.0,AR,10.38375087,914,1466,107,106,3
0,2471,91877,52.6,32330,91877.0,16.7,18.6,51.7,13.0,AR,10.38375087,869,1396,117,59,3
0,2329,91877,52.6,32330,91877.0,16.7,18.6,51.7,13.0,AR,10.38375087,747,1394,107,59,3
0,2379,92272,51.4,31849,92126.0,5.4,29.7,52.5,12.3,AR,10.36876126,741,1389,115,91,3
0,2023,92272,51.4,31849,92126.0,5.4,29.7,52.5,12.3,AR,10.36876126,710,1090,93,100,3
0,2406,92272,51.4,31849,92126.0,5.4,29.7,52.5,12.3,AR,10.36876126,867,1241,133,127,3
0,2508,92272,51.4,31849,92126.0,5.4,29.7,52.5,12.3,AR,10.36876126,937,1336,106,99,3
0,2570,92272,51.4,31849,92126.0,5.4,29.7,52.5,12.3,AR,10.36876126,913,1419,119,74,3
0,2351,92272,51.4,31849,92126.0,5.4,29.7,52.5,12.3,AR,10.36876126,786,1347,109,76,3
0,2657,92272,51.4,31849,92126.0,5.4,29.7,52.5,12.3,AR,10.36876126,872,1505,125,106,3
0,2603,92272,51.4,31849,92126.0,5.4,29.7,52.5,12.3,AR,10.36876126,827,1494,138,95,3
0,2615,92272,51.4,31849,92126.0,5.4,29.7,52.5,12.3,AR,10.36876126,898,1450,147,82,3
0,2483,92272,51.4,31849,92126.0,5.4,29.7,52.5,12.3,AR,10.36876126,838,1396,112,91,3
0,2173,92272,51.4,31849,92126.0,5.4,29.7,52.5,12.3,AR,10.36876126,674,1299,104,64,3
0,2349,92272,51.4,31849,92126.0,5.4,29.7,52.5,12.3,AR,10.36876126,722,1419,104,76,3
1,7703,273165,48.9,26746,11.5,19.6,36.3,37.3,6.8,TN,10.19414021,2710,3927,399,587,2
1,6977,273165,48.9,26746,11.5,19.6,36.3,37.3,6.8,TN,10.19414021,2653,3314,330,593,2
1,8864,273165,48.9,26746,11.5,19.6,36.3,37.3,6.8,TN,10.19414021,3236,4308,389,840,2
1,9256,273165,48.9,26746,11.5,19.6,36.3,37.3,6.8,TN,10.19414021,3440,4697,387,621,2
1,9599,273165,48.9,26746,11.5,19.6,36.3,37.3,6.8,TN,10.19414021,3450,5048,384,609,2
1,9174,273165,48.9,26746,11.5,19.6,36.3,37.3,6.8,TN,10.19414021,3198,4941,421,515,2
1,9774,273165,48.9,26746,11.5,19.6,36.3,37.3,6.8,TN,10.19414021,3262,5508,401,530,2
1,9880,273165,48.9,26746,11.5,19.6,36.3,37.3,6.8,TN,10.19414021,3384,5381,379,649,2
1,9432,273165,48.9,26746,11.5,19.6,36.3,37.3,6.8,TN,10.19414021,3307,5053,388,603,2
1,9186,273165,48.9,26746,11.5,19.6,36.3,37.3,6.8,TN,10.19414021,3289,4776,367,657,2
1,8587,273165,48.9,26746,11.5,19.6,36.3,37.3,6.8,TN,10.19414021,2878,4699,427,506,2
1,8837,273165,48.9,26746,11.5,19.6,36.3,37.3,6.8,TN,10.19414021,2909,4958,409,486,2
1,8487,274359,49.1,26809,12.4,16.7,35.7,38.4,9.3,TN,10.19649293,2988,4352,422,635,2
1,7647,274359,49.1,26809,12.4,16.7,35.7,38.4,9.3,TN,10.19649293,2898,3576,397,689,2
1,9307,274359,49.1,26809,12.4,16.7,35.7,38.4,9.3,TN,10.19649293,3528,4463,454,767,2
1,9324,274359,49.1,26809,12.4,16.7,35.7,38.4,9.3,TN,10.19649293,3493,4583,524,647,2
1,9647,274359,49.1,26809,12.4,16.7,35.7,38.4,9.3,TN,10.19649293,3466,4919,473,692,2
1,9635,274359,49.1,26809,12.4,16.7,35.7,38.4,9.3,TN,10.19649293,3352,5079,490,626,2
1,9714,274359,49.1,26809,12.4,16.7,35.7,38.4,9.3,TN,10.19649293,3374,5301,465,499,2
1,9620,274359,49.1,26809,12.4,16.7,35.7,38.4,9.3,TN,10.19649293,3355,5039,503,627,2
1,8557,274359,49.1,26809,12.4,16.7,35.7,38.4,9.3,TN,10.19649293,3048,4493,399,552,2
1,8853,274359,49.1,26809,12.4,16.7,35.7,38.4,9.3,TN,10.19649293,3079,4700,411,583,2
1,8275,274359,49.1,26809,12.4,16.7,35.7,38.4,9.3,TN,10.19649293,2882,4367,389,579,2
1,7993,274359,49.1,26809,12.4,16.7,35.7,38.4,9.3,TN,10.19649293,2833,4332,434,345,2
1,8328,278903,49.6,28373,277625.0,17.4,33.7,39.4,9.4,TN,10.25319327,2894,4404,412,538,2
1,6853,278903,49.6,28373,277625.0,17.4,33.7,39.4,9.4,TN,10.25319327,2482,3305,407,578,2
1,8200,278903,49.6,28373,277625.0,17.4,33.7,39.4,9.4,TN,10.25319327,3074,3953,442,646,2
1,9081,278903,49.6,28373,277625.0,17.4,33.7,39.4,9.4,TN,10.25319327,3485,4475,450,596,2
1,9475,278903,49.6,28373,277625.0,17.4,33.7,39.4,9.4,TN,10.25319327,3423,4912,483,575,2
1,9077,278903,49.6,28373,277625.0,17.4,33.7,39.4,9.4,TN,10.25319327,3324,4672,441,549,2
1,9310,278903,49.6,28373,277625.0,17.4,33.7,39.4,9.4,TN,10.25319327,3188,4985,490,564,2
1,9317,278903,49.6,28373,277625.0,17.4,33.7,39.4,9.4,TN,10.25319327,3218,4957,473,581,2
1,8631,278903,49.6,28373,277625.0,17.4,33.7,39.4,9.4,TN,10.25319327,3162,4512,439,446,2
1,8962,278903,49.6,28373,277625.0,17.4,33.7,39.4,9.4,TN,10.25319327,3208,4663,456,557,2
1,7843,278903,49.6,28373,277625.0,17.4,33.7,39.4,9.4,TN,10.25319327,2550,4263,462,507,2
1,7402,278903,49.6,28373,277625.0,17.4,33.7,39.4,9.4,TN,10.25319327,2522,4119,406,314,2
1,7491,283656,49.8,26146,281848.0,17.3,33.6,38.6,10.5,TN,10.17145149,2639,3859,468,443,2
1,6276,283656,49.8,26146,281848.0,17.3,33.6,38.6,10.5,TN,10.17145149,2377,3065,372,397,2
1,7888,283656,49.8,26146,281848.0,17.3,33.6,38.6,10.5,TN,10.17145149,3028,3887,372,530,2
1,8467,283656,49.8,26146,281848.0,17.3,33.6,38.6,10.5,TN,10.17145149,3232,4284,388,500,2
1,9234,283656,49.8,26146,281848.0,17.3,33.6,38.6,10.5,TN,10.17145149,3455,4758,482,467,2
1,8477,283656,49.8,26146,281848.0,17.3,33.6,38.6,10.5,TN,10.17145149,3011,4587,410,407,2
1,8759,283656,49.8,26146,281848.0,17.3,33.6,38.6,10.5,TN,10.17145149,3114,4960,415,226,2
1,8975,283656,49.8,26146,281848.0,17.3,33.6,38.6,10.5,TN,10.17145149,3112,4984,408,409,2
1,8059,283656,49.8,26146,281848.0,17.3,33.6,38.6,10.5,TN,10.17145149,2832,4431,442,302,2
1,8083,283656,49.8,26146,281848.0,17.3,33.6,38.6,10.5,TN,10.17145149,2736,4481,455,360,2
1,7017,283656,49.8,26146,281848.0,17.3,33.6,38.6,10.5,TN,10.17145149,2303,3999,390,288,2
1,7288,283656,49.8,26146,281848.0,17.3,33.6,38.6,10.5,TN,10.17145149,2381,4268,360,244,2
1,4630,247070,48.6,26270,13.5,18.3,29.8,43.9,8.0,WI,10.17618288,1214,2827,79,487,1
1,3780,247070,48.6,26270,13.5,18.3,29.8,43.9,8.0,WI,10.17618288,987,2162,59,542,1
1,4942,247070,48.6,26270,13.5,18.3,29.8,43.9,8.0,WI,10.17618288,1303,2920,60,626,1
1,4801,247070,48.6,26270,13.5,18.3,29.8,43.9,8.0,WI,10.17618288,1376,2916,61,416,1
1,5516,247070,48.6,26270,13.5,18.3,29.8,43.9,8.0,WI,10.17618288,1481,3329,72,602,1
1,5474,247070,48.6,26270,13.5,18.3,29.8,43.9,8.0,WI,10.17618288,1466,3409,76,502,1
1,6305,247070,48.6,26270,13.5,18.3,29.8,43.9,8.0,WI,10.17618288,1552,4099,67,559,1
1,5988,247070,48.6,26270,13.5,18.3,29.8,43.9,8.0,WI,10.17618288,1518,3740,61,644,1
1,5572,247070,48.6,26270,13.5,18.3,29.8,43.9,8.0,WI,10.17618288,1243,3613,65,628,1
1,5567,247070,48.6,26270,13.5,18.3,29.8,43.9,8.0,WI,10.17618288,1365,3622,60,502,1
1,5271,247070,48.6,26270,13.5,18.3,29.8,43.9,8.0,WI,10.17618288,1310,3361,50,534,1
1,5149,247070,48.6,26270,13.5,18.3,29.8,43.9,8.0,WI,10.17618288,1240,3378,35,474,1
1,4936,251627,49.3,27020,14.3,19.1,23.0,47.9,10.0,WI,10.20433261,1274,3015,95,526,1
1,4258,251627,49.3,27020,14.3,19.1,23.0,47.9,10.0,WI,10.20433261,1118,2444,68,603,1
1,5278,251627,49.3,27020,14.3,19.1,23.0,47.9,10.0,WI,10.20433261,1463,3080,46,654,1
1,5544,251627,49.3,27020,14.3,19.1,23.0,47.9,10.0,WI,10.20433261,1468,3436,72,541,1
1,5753,251627,49.3,27020,14.3,19.1,23.0,47.9,10.0,WI,10.20433261,1650,3384,122,565,1
1,5498,251627,49.3,27020,14.3,19.1,23.0,47.9,10.0,WI,10.20433261,1649,3262,88,455,1
1,6069,251627,49.3,27020,14.3,19.1,23.0,47.9,10.0,WI,10.20433261,1767,3712,78,452,1
1,5886,251627,49.3,27020,14.3,19.1,23.0,47.9,10.0,WI,10.20433261,1658,3610,81,490,1
1,5387,251627,49.3,27020,14.3,19.1,23.0,47.9,10.0,WI,10.20433261,1495,3236,74,494,1
1,5359,251627,49.3,27020,14.3,19.1,23.0,47.9,10.0,WI,10.20433261,1489,3230,84,467,1
1,5108,251627,49.3,27020,14.3,19.1,23.0,47.9,10.0,WI,10.20433261,1557,2971,76,411,1
1,4667,251627,49.3,27020,14.3,19.1,23.0,47.9,10.0,WI,10.20433261,1300,2880,41,371,1
1,4890,256268,47.8,26442,252574.0,16.5,28.7,46.9,8.0,WI,10.18270893,1447,2808,114,444,1
1,3737,256268,47.8,26442,252574.0,16.5,28.7,46.9,8.0,WI,10.18270893,1113,1952,106,519,1
1,4546,256268,47.8,26442,252574.0,16.5,28.7,46.9,8.0,WI,10.18270893,1456,2429,115,488,1
1,4852,256268,47.8,26442,252574.0,16.5,28.7,46.9,8.0,WI,10.18270893,1530,2720,75,455,1
1,5216,256268,47.8,26442,252574.0,16.5,28.7,46.9,8.0,WI,10.18270893,1664,2856,107,504,1
1,5199,256268,47.8,26442,252574.0,16.5,28.7,46.9,8.0,WI,10.18270893,1676,2888,133,408,1
1,5534,256268,47.8,26442,252574.0,16.5,28.7,46.9,8.0,WI,10.18270893,1665,3212,114,435,1
1,5539,256268,47.8,26442,252574.0,16.5,28.7,46.9,8.0,WI,10.18270893,1703,3225,105,395,1
1,5412,256268,47.8,26442,252574.0,16.5,28.7,46.9,8.0,WI,10.18270893,1502,3233,90,490,1
1,5479,256268,47.8,26442,252574.0,16.5,28.7,46.9,8.0,WI,10.18270893,1421,3391,98,468,1
1,4718,256268,47.8,26442,252574.0,16.5,28.7,46.9,8.0,WI,10.18270893,1350,2880,86,326,1
1,4052,256268,47.8,26442,252574.0,16.5,28.7,46.9,8.0,WI,10.18270893,1291,2372,41,285,1
1,4060,262761,49.6,26756,258959.0,13.9,29.6,47.3,9.2,WI,10.19451403,1238,2273,146,345,1
1,3495,262761,49.6,26756,258959.0,13.9,29.6,47.3,9.2,WI,10.19451403,1028,1859,167,395,1
1,4475,262761,49.6,26756,258959.0,13.9,29.6,47.3,9.2,WI,10.19451403,1381,2413,153,474,1
1,4513,262761,49.6,26756,258959.0,13.9,29.6,47.3,9.2,WI,10.19451403,1390,2556,98,410,1
1,5247,262761,49.6,26756,258959.0,13.9,29.6,47.3,9.2,WI,10.19451403,1618,3083,95,385,1
1,5346,262761,49.6,26756,258959.0,13.9,29.6,47.3,9.2,WI,10.19451403,1645,3201,111,310,1
1,6043,262761,49.6,26756,258959.0,13.9,29.6,47.3,9.2,WI,10.19451403,1662,3786,103,416,1
1,5954,262761,49.6,26756,258959.0,13.9,29.6,47.3,9.2,WI,10.19451403,1738,3670,72,395,1
1,5585,262761,49.6,26756,258959.0,13.9,29.6,47.3,9.2,WI,10.19451403,1622,3399,92,407,1
1,4776,262761,49.6,26756,258959.0,13.9,29.6,47.3,9.2,WI,10.19451403,1526,2757,116,317,1
1,4135,262761,49.6,26756,258959.0,13.9,29.6,47.3,9.2,WI,10.19451403,1367,2390,58,271,1
1,4437,262761,49.6,26756,258959.0,13.9,29.6,47.3,9.2,WI,10.19451403,1507,2584,58,252,1
0,1655,94683,49.8,28848,12.2,12.2,19.4,55.4,13.0,VA,10.26979595,490,879,97,182,1
0,1455,94683,49.8,28848,12.2,12.2,19.4,55.4,13.0,VA,10.26979595,424,728,80,213,1
0,1638,94683,49.8,28848,12.2,12.2,19.4,55.4,13.0,VA,10.26979595,500,827,103,197,1
0,1865,94683,49.8,28848,12.2,12.2,19.4,55.4,13.0,VA,10.26979595,520,1016,116,208,1
0,2025,94683,49.8,28848,12.2,12.2,19.4,55.4,13.0,VA,10.26979595,603,1084,130,198,1
0,1998,94683,49.8,28848,12.2,12.2,19.4,55.4,13.0,VA,10.26979595,573,1171,117,131,1
0,2087,94683,49.8,28848,12.2,12.2,19.4,55.4,13.0,VA,10.26979595,541,1250,113,177,1
0,2197,94683,49.8,28848,12.2,12.2,19.4,55.4,13.0,VA,10.26979595,557,1337,119,173,1
0,1877,94683,49.8,28848,12.2,12.2,19.4,55.4,13.0,VA,10.26979595,558,1058,99,156,1
0,1930,94683,49.8,28848,12.2,12.2,19.4,55.4,13.0,VA,10.26979595,523,1083,119,194,1
0,1750,94683,49.8,28848,12.2,12.2,19.4,55.4,13.0,VA,10.26979595,464,1028,94,155,1
0,1867,94683,49.8,28848,12.2,12.2,19.4,55.4,13.0,VA,10.26979595,522,1084,84,174,1
0,1677,98653,50.0,28083,12.3,6.5,22.0,55.7,15.9,VA,10.24291969,498,922,98,154,1
0,1736,98653,50.0,28083,12.3,6.5,22.0,55.7,15.9,VA,10.24291969,446,943,114,227,1
0,1944,98653,50.0,28083,12.3,6.5,22.0,55.7,15.9,VA,10.24291969,512,1082,104,238,1
0,1878,98653,50.0,28083,12.3,6.5,22.0,55.7,15.9,VA,10.24291969,517,1077,106,173,1
0,2058,98653,50.0,28083,12.3,6.5,22.0,55.7,15.9,VA,10.24291969,574,1162,110,204,1
0,1931,98653,50.0,28083,12.3,6.5,22.0,55.7,15.9,VA,10.24291969,538,1095,110,180,1
0,2141,98653,50.0,28083,12.3,6.5,22.0,55.7,15.9,VA,10.24291969,603,1199,122,206,1
0,2174,98653,50.0,28083,12.3,6.5,22.0,55.7,15.9,VA,10.24291969,569,1225,112,258,1
0,1898,98653,50.0,28083,12.3,6.5,22.0,55.7,15.9,VA,10.24291969,559,1041,93,191,1
0,1934,98653,50.0,28083,12.3,6.5,22.0,55.7,15.9,VA,10.24291969,568,1068,100,195,1
0,1850,98653,50.0,28083,12.3,6.5,22.0,55.7,15.9,VA,10.24291969,456,1062,115,209,1
0,1875,98653,50.0,28083,12.3,6.5,22.0,55.7,15.9,VA,10.24291969,444,1160,85,171,1
0,1725,98677,50.7,29405,96765.0,12.3,27.2,48.4,12.1,VA,10.28892001,478,950,108,181,1
0,1498,98677,50.7,29405,96765.0,12.3,27.2,48.4,12.1,VA,10.28892001,407,793,93,196,1
0,1734,98677,50.7,29405,96765.0,12.3,27.2,48.4,12.1,VA,10.28892001,473,894,126,231,1
0,1722,98677,50.7,29405,96765.0,12.3,27.2,48.4,12.1,VA,10.28892001,510,913,106,182,1
0,1879,98677,50.7,29405,96765.0,12.3,27.2,48.4,12.1,VA,10.28892001,539,1015,106,208,1
0,1920,98677,50.7,29405,96765.0,12.3,27.2,48.4,12.1,VA,10.28892001,547,1111,85,172,1
0,1998,98677,50.7,29405,96765.0,12.3,27.2,48.4,12.1,VA,10.28892001,519,1157,114,202,1
0,2140,98677,50.7,29405,96765.0,12.3,27.2,48.4,12.1,VA,10.28892001,575,1262,105,189,1
0,1975,98677,50.7,29405,96765.0,12.3,27.2,48.4,12.1,VA,10.28892001,517,1135,131,184,1
0,1912,98677,50.7,29405,96765.0,12.3,27.2,48.4,12.1,VA,10.28892001,524,1074,118,185,1
0,1687,98677,50.7,29405,96765.0,12.3,27.2,48.4,12.1,VA,10.28892001,422,984,94,181,1
0,1686,98677,50.7,29405,96765.0,12.3,27.2,48.4,12.1,VA,10.28892001,480,951,116,132,1
0,1616,105900,48.1,30072,103715.0,10.8,20.6,54.6,14.1,VA,10.31134979,426,895,113,172,1
0,1459,105900,48.1,30072,103715.0,10.8,20.6,54.6,14.1,VA,10.31134979,400,762,101,183,1
0,1616,105900,48.1,30072,103715.0,10.8,20.6,54.6,14.1,VA,10.31134979,450,886,105,171,1
0,1797,105900,48.1,30072,103715.0,10.8,20.6,54.6,14.1,VA,10.31134979,474,1001,141,174,1
0,1991,105900,48.1,30072,103715.0,10.8,20.6,54.6,14.1,VA,10.31134979,551,1130,130,170,1
0,1920,105900,48.1,30072,103715.0,10.8,20.6,54.6,14.1,VA,10.31134979,507,1112,115,180,1
0,2017,105900,48.1,30072,103715.0,10.8,20.6,54.6,14.1,VA,10.31134979,537,1132,129,207,1
0,2006,105900,48.1,30072,103715.0,10.8,20.6,54.6,14.1,VA,10.31134979,550,1131,113,196,1
0,1764,105900,48.1,30072,103715.0,10.8,20.6,54.6,14.1,VA,10.31134979,504,978,99,174,1
0,1898,105900,48.1,30072,103715.0,10.8,20.6,54.6,14.1,VA,10.31134979,535,1061,103,194,1
0,1616,105900,48.1,30072,103715.0,10.8,20.6,54.6,14.1,VA,10.31134979,441,915,91,156,1
0,1659,105900,48.1,30072,103715.0,10.8,20.6,54.6,14.1,VA,10.31134979,444,964,101,144,1
0,2067,87671,50.1,33786,7.5,18.3,30.5,45.0,6.3,WA,10.42780179,412,1361,126,136,2
0,1635,87671,50.1,33786,7.5,18.3,30.5,45.0,6.3,WA,10.42780179,349,1073,92,96,2
0,2081,87671,50.1,33786,7.5,18.3,30.5,45.0,6.3,WA,10.42780179,419,1374,138,117,2
0,2048,87671,50.1,33786,7.5,18.3,30.5,45.0,6.3,WA,10.42780179,387,1418,128,95,2
0,2181,87671,50.1,33786,7.5,18.3,30.5,45.0,6.3,WA,10.42780179,432,1493,138,103,2
0,2043,87671,50.1,33786,7.5,18.3,30.5,45.0,6.3,WA,10.42780179,413,1359,142,108,2
0,2106,87671,50.1,33786,7.5,18.3,30.5,45.0,6.3,WA,10.42780179,420,1469,113,82,2
0,2340,87671,50.1,33786,7.5,18.3,30.5,45.0,6.3,WA,10.42780179,455,1646,127,92,2
0,2356,87671,50.1,33786,7.5,18.3,30.5,45.0,6.3,WA,10.42780179,393,1672,154,108,2
0,2274,87671,50.1,33786,7.5,18.3,30.5,45.0,6.3,WA,10.42780179,393,1644,113,102,2
0,2303,87671,50.1,33786,7.5,18.3,30.5,45.0,6.3,WA,10.42780179,353,1731,129,78,2
0,2194,87671,50.1,33786,7.5,18.3,30.5,45.0,6.3,WA,10.42780179,353,1635,121,70,2
0,2111,92613,51.6,32982,6.5,15.1,31.3,44.4,9.2,WA,10.40371724,395,1498,132,64,2
0,2172,92613,51.6,32982,6.5,15.1,31.3,44.4,9.2,WA,10.40371724,353,1593,119,80,2
0,2112,92613,51.6,32982,6.5,15.1,31.3,44.4,9.2,WA,10.40371724,389,1476,132,89,2
0,2080,92613,51.6,32982,6.5,15.1,31.3,44.4,9.2,WA,10.40371724,424,1434,133,69,2
0,2288,92613,51.6,32982,6.5,15.1,31.3,44.4,9.2,WA,10.40371724,405,1653,124,88,2
0,2382,92613,51.6,32982,6.5,15.1,31.3,44.4,9.2,WA,10.40371724,410,1702,145,103,2
0,2426,92613,51.6,32982,6.5,15.1,31.3,44.4,9.2,WA,10.40371724,464,1695,172,76,2
0,2360,92613,51.6,32982,6.5,15.1,31.3,44.4,9.2,WA,10.40371724,435,1661,153,92,2
0,2123,92613,51.6,32982,6.5,15.1,31.3,44.4,9.2,WA,10.40371724,421,1498,116,66,2
0,2278,92613,51.6,32982,6.5,15.1,31.3,44.4,9.2,WA,10.40371724,368,1676,141,68,2
0,2303,92613,51.6,32982,6.5,15.1,31.3,44.4,9.2,WA,10.40371724,374,1706,149,62,2
0,2506,92613,51.6,32982,6.5,15.1,31.3,44.4,9.2,WA,10.40371724,374,1916,136,67,2
0,2396,91525,49.2,35802,91220.0,20.7,25.6,44.8,8.9,WA,10.48575904,424,1796,112,52,2
0,2004,91525,49.2,35802,91220.0,20.7,25.6,44.8,8.9,WA,10.48575904,320,1526,89,56,2
0,2146,91525,49.2,35802,91220.0,20.7,25.6,44.8,8.9,WA,10.48575904,428,1533,95,74,2
0,1967,91525,49.2,35802,91220.0,20.7,25.6,44.8,8.9,WA,10.48575904,390,1385,105,71,2
0,1956,91525,49.2,35802,91220.0,20.7,25.6,44.8,8.9,WA,10.48575904,402,1364,109,65,2
0,2121,91525,49.2,35802,91220.0,20.7,25.6,44.8,8.9,WA,10.48575904,424,1500,130,52,2
0,2199,91525,49.2,35802,91220.0,20.7,25.6,44.8,8.9,WA,10.48575904,419,1556,145,62,2
0,2372,91525,49.2,35802,91220.0,20.7,25.6,44.8,8.9,WA,10.48575904,412,1730,154,64,2
0,2312,91525,49.2,35802,91220.0,20.7,25.6,44.8,8.9,WA,10.48575904,379,1731,136,51,2
0,2418,91525,49.2,35802,91220.0,20.7,25.6,44.8,8.9,WA,10.48575904,380,1799,156,64,2
0,2401,91525,49.2,35802,91220.0,20.7,25.6,44.8,8.9,WA,10.48575904,337,1846,148,56,2
0,2216,91525,49.2,35802,91220.0,20.7,25.6,44.8,8.9,WA,10.48575904,358,1676,118,45,2
0,2241,98078,54.4,32081,97617.0,18.1,32.1,38.9,10.9,WA,10.37601923,383,1607,169,60,2
0,1955,98078,54.4,32081,97617.0,18.1,32.1,38.9,10.9,WA,10.37601923,357,1385,157,42,2
0,2190,98078,54.4,32081,97617.0,18.1,32.1,38.9,10.9,WA,10.37601923,370,1485,270,51,2
0,1966,98078,54.4,32081,97617.0,18.1,32.1,38.9,10.9,WA,10.37601923,353,1342,207,52,2
0,1980,98078,54.4,32081,97617.0,18.1,32.1,38.9,10.9,WA,10.37601923,387,1371,146,57,2
0,2149,98078,54.4,32081,97617.0,18.1,32.1,38.9,10.9,WA,10.37601923,397,1520,158,53,2
0,2121,98078,54.4,32081,97617.0,18.1,32.1,38.9,10.9,WA,10.37601923,413,1497,144,55,2
0,2189,98078,54.4,32081,97617.0,18.1,32.1,38.9,10.9,WA,10.37601923,406,1591,139,43,2
0,2209,98078,54.4,32081,97617.0,18.1,32.1,38.9,10.9,WA,10.37601923,393,1619,136,46,2
0,2148,98078,54.4,32081,97617.0,18.1,32.1,38.9,10.9,WA,10.37601923,361,1574,149,46,2
0,1973,98078,54.4,32081,97617.0,18.1,32.1,38.9,10.9,WA,10.37601923,383,1423,124,29,2
0,2312,98078,54.4,32081,97617.0,18.1,32.1,38.9,10.9,WA,10.37601923,397,1744,116,43,2
1,3567,178251,52.8,29371,8.9,20.0,29.9,41.5,8.7,KS,10.28776307,1090,1872,313,269,2
1,3115,178251,52.8,29371,8.9,20.0,29.9,41.5,8.7,KS,10.28776307,940,1568,295,289,2
1,3982,178251,52.8,29371,8.9,20.0,29.9,41.5,8.7,KS,10.28776307,1191,2092,325,355,2
1,4217,178251,52.8,29371,8.9,20.0,29.9,41.5,8.7,KS,10.28776307,1292,2282,280,337,2
1,4452,178251,52.8,29371,8.9,20.0,29.9,41.5,8.7,KS,10.28776307,1395,2385,360,290,2
1,4265,178251,52.8,29371,8.9,20.0,29.9,41.5,8.7,KS,10.28776307,1291,2348,319,289,2
1,4610,178251,52.8,29371,8.9,20.0,29.9,41.5,8.7,KS,10.28776307,1328,2626,319,306,2
1,4445,178251,52.8,29371,8.9,20.0,29.9,41.5,8.7,KS,10.28776307,1265,2503,351,300,2
1,4230,178251,52.8,29371,8.9,20.0,29.9,41.5,8.7,KS,10.28776307,1202,2349,308,342,2
1,4234,178251,52.8,29371,8.9,20.0,29.9,41.5,8.7,KS,10.28776307,1176,2424,325,289,2
1,3873,178251,52.8,29371,8.9,20.0,29.9,41.5,8.7,KS,10.28776307,1031,2291,241,288,2
1,4027,178251,52.8,29371,8.9,20.0,29.9,41.5,8.7,KS,10.28776307,1076,2328,301,304,2
1,4233,177580,53.6,30394,9.5,16.3,28.8,46.8,8.1,KS,10.3220005,1140,2460,294,320,3
1,3696,177580,53.6,30394,9.5,16.3,28.8,46.8,8.1,KS,10.3220005,956,2071,315,332,3
1,4464,177580,53.6,30394,9.5,16.3,28.8,46.8,8.1,KS,10.3220005,1281,2408,367,381,3
1,4300,177580,53.6,30394,9.5,16.3,28.8,46.8,8.1,KS,10.3220005,1267,2354,357,300,3
1,4632,177580,53.6,30394,9.5,16.3,28.8,46.8,8.1,KS,10.3220005,1362,2576,341,337,3
1,4366,177580,53.6,30394,9.5,16.3,28.8,46.8,8.1,KS,10.3220005,1206,2508,331,302,3
1,4387,177580,53.6,30394,9.5,16.3,28.8,46.8,8.1,KS,10.3220005,1333,2378,372,286,3
1,4310,177580,53.6,30394,9.5,16.3,28.8,46.8,8.1,KS,10.3220005,1234,2457,348,252,3
1,4125,177580,53.6,30394,9.5,16.3,28.8,46.8,8.1,KS,10.3220005,1166,2355,284,300,3
1,4403,177580,53.6,30394,9.5,16.3,28.8,46.8,8.1,KS,10.3220005,1189,2541,359,291,3
1,4069,177580,53.6,30394,9.5,16.3,28.8,46.8,8.1,KS,10.3220005,1042,2411,298,290,3
1,4097,177580,53.6,30394,9.5,16.3,28.8,46.8,8.1,KS,10.3220005,1063,2472,286,258,3
1,4059,176029,53.7,31025,175417.0,16.3,24.5,52.2,7.0,KS,10.34254861,1064,2351,338,289,2
1,3474,176029,53.7,31025,175417.0,16.3,24.5,52.2,7.0,KS,10.34254861,871,1983,325,278,2
1,3892,176029,53.7,31025,175417.0,16.3,24.5,52.2,7.0,KS,10.34254861,1038,2235,274,325,2
1,3979,176029,53.7,31025,175417.0,16.3,24.5,52.2,7.0,KS,10.34254861,1109,2179,347,319,2
1,4395,176029,53.7,31025,175417.0,16.3,24.5,52.2,7.0,KS,10.34254861,1259,2421,334,349,2
1,4220,176029,53.7,31025,175417.0,16.3,24.5,52.2,7.0,KS,10.34254861,1202,2369,339,283,2
1,4242,176029,53.7,31025,175417.0,16.3,24.5,52.2,7.0,KS,10.34254861,1223,2379,338,275,2
1,4345,176029,53.7,31025,175417.0,16.3,24.5,52.2,7.0,KS,10.34254861,1211,2441,335,341,2
1,4104,176029,53.7,31025,175417.0,16.3,24.5,52.2,7.0,KS,10.34254861,1144,2245,369,322,2
1,4450,176029,53.7,31025,175417.0,16.3,24.5,52.2,7.0,KS,10.34254861,1135,2520,451,324,2
1,4184,176029,53.7,31025,175417.0,16.3,24.5,52.2,7.0,KS,10.34254861,1078,2410,375,304,2
1,3916,176029,53.7,31025,175417.0,16.3,24.5,52.2,7.0,KS,10.34254861,1048,2153,405,287,2
1,3979,175291,54.7,31624,174863.0,15.4,28.8,45.9,9.9,KS,10.3616716,1055,2203,429,274,2
1,3363,175291,54.7,31624,174863.0,15.4,28.8,45.9,9.9,KS,10.3616716,924,1850,295,273,2
1,3809,175291,54.7,31624,174863.0,15.4,28.8,45.9,9.9,KS,10.3616716,1064,2055,342,324,2
1,3852,175291,54.7,31624,174863.0,15.4,28.8,45.9,9.9,KS,10.3616716,1219,1941,342,327,2
1,4325,175291,54.7,31624,174863.0,15.4,28.8,45.9,9.9,KS,10.3616716,1322,2303,323,346,2
1,4085,175291,54.7,31624,174863.0,15.4,28.8,45.9,9.9,KS,10.3616716,1179,2364,284,239,2
1,4130,175291,54.7,31624,174863.0,15.4,28.8,45.9,9.9,KS,10.3616716,1196,2325,325,267,2
1,4001,175291,54.7,31624,174863.0,15.4,28.8,45.9,9.9,KS,10.3616716,1083,2265,345,280,2
1,3352,175291,54.7,31624,174863.0,15.4,28.8,45.9,9.9,KS,10.3616716,928,1954,237,212,2
1,2500,175291,54.7,31624,174863.0,15.4,28.8,45.9,9.9,KS,10.3616716,833,1328,217,112,2
1,3025,175291,54.7,31624,174863.0,15.4,28.8,45.9,9.9,KS,10.3616716,878,1717,245,173,2
1,3884,175291,54.7,31624,174863.0,15.4,28.8,45.9,9.9,KS,10.3616716,1039,2273,323,237,2
